ISO-10303-21;
HEADER;
/* Generated by software containing ST-Developer
 * from STEP Tools, Inc. (www.steptools.com) 
 */

FILE_DESCRIPTION(
/* description */ (''),
/* implementation_level */ '2;1');

FILE_NAME(
/* name */ 'RoboOmnium-merac.step',
/* time_stamp */ '2026-06-11T12:54:13+02:00',
/* author */ (''),
/* organization */ (''),
/* preprocessor_version */ 'ST-DEVELOPER v20.1',
/* originating_system */ 'Autodesk Translation Framework v15.8.0.0',
/* authorisation */ '');

FILE_SCHEMA (('AUTOMOTIVE_DESIGN { 1 0 10303 214 3 1 1 }'));
ENDSEC;

DATA;
#10=MECHANICAL_DESIGN_GEOMETRIC_PRESENTATION_REPRESENTATION('',(#93,#94,
#95,#96,#97,#98,#99),#4205);
#11=SHAPE_REPRESENTATION_RELATIONSHIP('SRR','None',#4212,#12);
#12=ADVANCED_BREP_SHAPE_REPRESENTATION('',(#100,#101,#102,#103,#104,#105,
#106),#4204);
#13=CONICAL_SURFACE('',#2684,18.2,0.785398163397448);
#14=CONICAL_SURFACE('',#2688,18.2,0.785398163397448);
#15=CONICAL_SURFACE('',#2694,18.2,0.785398163397448);
#16=CONICAL_SURFACE('',#2698,18.2,0.785398163397448);
#17=CONICAL_SURFACE('',#2742,18.2,0.785398163397448);
#18=CONICAL_SURFACE('',#2746,18.2,0.785398163397448);
#19=CONICAL_SURFACE('',#2752,18.2,0.785398163397448);
#20=CONICAL_SURFACE('',#2756,18.2,0.785398163397448);
#21=FACE_BOUND('',#307,.T.);
#22=FACE_BOUND('',#316,.T.);
#23=FACE_BOUND('',#354,.T.);
#24=FACE_BOUND('',#356,.T.);
#25=FACE_BOUND('',#357,.T.);
#26=FACE_BOUND('',#359,.T.);
#27=FACE_BOUND('',#360,.T.);
#28=FACE_BOUND('',#362,.T.);
#29=FACE_BOUND('',#402,.T.);
#30=FACE_BOUND('',#404,.T.);
#31=FACE_BOUND('',#405,.T.);
#32=FACE_BOUND('',#407,.T.);
#33=FACE_BOUND('',#408,.T.);
#34=FACE_BOUND('',#410,.T.);
#35=CIRCLE('',#2630,40.);
#36=CIRCLE('',#2632,40.);
#37=CIRCLE('',#2633,40.);
#38=CIRCLE('',#2634,40.);
#39=CIRCLE('',#2647,40.);
#40=CIRCLE('',#2648,40.);
#41=CIRCLE('',#2649,40.);
#42=CIRCLE('',#2651,40.);
#43=CIRCLE('',#2685,20.);
#44=CIRCLE('',#2686,16.4);
#45=CIRCLE('',#2689,20.);
#46=CIRCLE('',#2690,16.4);
#47=CIRCLE('',#2695,20.);
#48=CIRCLE('',#2696,16.4);
#49=CIRCLE('',#2699,20.);
#50=CIRCLE('',#2700,16.4);
#51=CIRCLE('',#2704,20.);
#52=CIRCLE('',#2706,20.);
#53=CIRCLE('',#2711,20.);
#54=CIRCLE('',#2714,20.);
#55=CIRCLE('',#2722,1.99999999999999);
#56=CIRCLE('',#2724,1.99999999999999);
#57=CIRCLE('',#2725,1.99999999999999);
#58=CIRCLE('',#2728,1.99999999999999);
#59=CIRCLE('',#2743,16.4);
#60=CIRCLE('',#2744,20.);
#61=CIRCLE('',#2747,16.4);
#62=CIRCLE('',#2748,20.);
#63=CIRCLE('',#2753,16.4);
#64=CIRCLE('',#2754,20.);
#65=CIRCLE('',#2757,16.4);
#66=CIRCLE('',#2758,20.);
#67=CIRCLE('',#2762,20.);
#68=CIRCLE('',#2764,20.);
#69=CIRCLE('',#2769,20.);
#70=CIRCLE('',#2772,20.);
#71=CIRCLE('',#2780,1.99999999999999);
#72=CIRCLE('',#2782,1.99999999999999);
#73=CIRCLE('',#2783,1.99999999999999);
#74=CIRCLE('',#2786,1.99999999999999);
#75=CYLINDRICAL_SURFACE('',#2629,40.);
#76=CYLINDRICAL_SURFACE('',#2646,40.);
#77=CYLINDRICAL_SURFACE('',#2703,20.);
#78=CYLINDRICAL_SURFACE('',#2705,20.);
#79=CYLINDRICAL_SURFACE('',#2710,20.);
#80=CYLINDRICAL_SURFACE('',#2713,20.);
#81=CYLINDRICAL_SURFACE('',#2729,1.99999999999999);
#82=CYLINDRICAL_SURFACE('',#2730,1.99999999999999);
#83=CYLINDRICAL_SURFACE('',#2761,20.);
#84=CYLINDRICAL_SURFACE('',#2763,20.);
#85=CYLINDRICAL_SURFACE('',#2768,20.);
#86=CYLINDRICAL_SURFACE('',#2771,20.);
#87=CYLINDRICAL_SURFACE('',#2787,1.99999999999999);
#88=CYLINDRICAL_SURFACE('',#2788,1.99999999999999);
#89=ELLIPSE('',#2625,230.350819325745,40.);
#90=ELLIPSE('',#2631,230.350819325745,40.);
#91=ELLIPSE('',#2641,230.350819325745,40.);
#92=ELLIPSE('',#2650,230.350819325745,40.);
#93=STYLED_ITEM('',(#4221),#100);
#94=STYLED_ITEM('',(#4221),#101);
#95=STYLED_ITEM('',(#4221),#102);
#96=STYLED_ITEM('',(#4221),#103);
#97=STYLED_ITEM('',(#4221),#104);
#98=STYLED_ITEM('',(#4221),#105);
#99=STYLED_ITEM('',(#4221),#106);
#100=MANIFOLD_SOLID_BREP('Vzpera1',#2579);
#101=MANIFOLD_SOLID_BREP('Vzpera2',#2580);
#102=MANIFOLD_SOLID_BREP('Vzpera3',#2581);
#103=MANIFOLD_SOLID_BREP('Vzpera4',#2582);
#104=MANIFOLD_SOLID_BREP('Preklad',#2583);
#105=MANIFOLD_SOLID_BREP('Patka1',#2584);
#106=MANIFOLD_SOLID_BREP('Patka2',#2585);
#107=FACE_OUTER_BOUND('',#253,.T.);
#108=FACE_OUTER_BOUND('',#254,.T.);
#109=FACE_OUTER_BOUND('',#255,.T.);
#110=FACE_OUTER_BOUND('',#256,.T.);
#111=FACE_OUTER_BOUND('',#257,.T.);
#112=FACE_OUTER_BOUND('',#258,.T.);
#113=FACE_OUTER_BOUND('',#259,.T.);
#114=FACE_OUTER_BOUND('',#260,.T.);
#115=FACE_OUTER_BOUND('',#261,.T.);
#116=FACE_OUTER_BOUND('',#262,.T.);
#117=FACE_OUTER_BOUND('',#263,.T.);
#118=FACE_OUTER_BOUND('',#264,.T.);
#119=FACE_OUTER_BOUND('',#265,.T.);
#120=FACE_OUTER_BOUND('',#266,.T.);
#121=FACE_OUTER_BOUND('',#267,.T.);
#122=FACE_OUTER_BOUND('',#268,.T.);
#123=FACE_OUTER_BOUND('',#269,.T.);
#124=FACE_OUTER_BOUND('',#270,.T.);
#125=FACE_OUTER_BOUND('',#271,.T.);
#126=FACE_OUTER_BOUND('',#272,.T.);
#127=FACE_OUTER_BOUND('',#273,.T.);
#128=FACE_OUTER_BOUND('',#274,.T.);
#129=FACE_OUTER_BOUND('',#275,.T.);
#130=FACE_OUTER_BOUND('',#276,.T.);
#131=FACE_OUTER_BOUND('',#277,.T.);
#132=FACE_OUTER_BOUND('',#278,.T.);
#133=FACE_OUTER_BOUND('',#279,.T.);
#134=FACE_OUTER_BOUND('',#280,.T.);
#135=FACE_OUTER_BOUND('',#281,.T.);
#136=FACE_OUTER_BOUND('',#282,.T.);
#137=FACE_OUTER_BOUND('',#283,.T.);
#138=FACE_OUTER_BOUND('',#284,.T.);
#139=FACE_OUTER_BOUND('',#285,.T.);
#140=FACE_OUTER_BOUND('',#286,.T.);
#141=FACE_OUTER_BOUND('',#287,.T.);
#142=FACE_OUTER_BOUND('',#288,.T.);
#143=FACE_OUTER_BOUND('',#289,.T.);
#144=FACE_OUTER_BOUND('',#290,.T.);
#145=FACE_OUTER_BOUND('',#291,.T.);
#146=FACE_OUTER_BOUND('',#292,.T.);
#147=FACE_OUTER_BOUND('',#293,.T.);
#148=FACE_OUTER_BOUND('',#294,.T.);
#149=FACE_OUTER_BOUND('',#295,.T.);
#150=FACE_OUTER_BOUND('',#296,.T.);
#151=FACE_OUTER_BOUND('',#297,.T.);
#152=FACE_OUTER_BOUND('',#298,.T.);
#153=FACE_OUTER_BOUND('',#299,.T.);
#154=FACE_OUTER_BOUND('',#300,.T.);
#155=FACE_OUTER_BOUND('',#301,.T.);
#156=FACE_OUTER_BOUND('',#302,.T.);
#157=FACE_OUTER_BOUND('',#303,.T.);
#158=FACE_OUTER_BOUND('',#304,.T.);
#159=FACE_OUTER_BOUND('',#305,.T.);
#160=FACE_OUTER_BOUND('',#306,.T.);
#161=FACE_OUTER_BOUND('',#308,.T.);
#162=FACE_OUTER_BOUND('',#309,.T.);
#163=FACE_OUTER_BOUND('',#310,.T.);
#164=FACE_OUTER_BOUND('',#311,.T.);
#165=FACE_OUTER_BOUND('',#312,.T.);
#166=FACE_OUTER_BOUND('',#313,.T.);
#167=FACE_OUTER_BOUND('',#314,.T.);
#168=FACE_OUTER_BOUND('',#315,.T.);
#169=FACE_OUTER_BOUND('',#317,.T.);
#170=FACE_OUTER_BOUND('',#318,.T.);
#171=FACE_OUTER_BOUND('',#319,.T.);
#172=FACE_OUTER_BOUND('',#320,.T.);
#173=FACE_OUTER_BOUND('',#321,.T.);
#174=FACE_OUTER_BOUND('',#322,.T.);
#175=FACE_OUTER_BOUND('',#323,.T.);
#176=FACE_OUTER_BOUND('',#324,.T.);
#177=FACE_OUTER_BOUND('',#325,.T.);
#178=FACE_OUTER_BOUND('',#326,.T.);
#179=FACE_OUTER_BOUND('',#327,.T.);
#180=FACE_OUTER_BOUND('',#328,.T.);
#181=FACE_OUTER_BOUND('',#329,.T.);
#182=FACE_OUTER_BOUND('',#330,.T.);
#183=FACE_OUTER_BOUND('',#331,.T.);
#184=FACE_OUTER_BOUND('',#332,.T.);
#185=FACE_OUTER_BOUND('',#333,.T.);
#186=FACE_OUTER_BOUND('',#334,.T.);
#187=FACE_OUTER_BOUND('',#335,.T.);
#188=FACE_OUTER_BOUND('',#336,.T.);
#189=FACE_OUTER_BOUND('',#337,.T.);
#190=FACE_OUTER_BOUND('',#338,.T.);
#191=FACE_OUTER_BOUND('',#339,.T.);
#192=FACE_OUTER_BOUND('',#340,.T.);
#193=FACE_OUTER_BOUND('',#341,.T.);
#194=FACE_OUTER_BOUND('',#342,.T.);
#195=FACE_OUTER_BOUND('',#343,.T.);
#196=FACE_OUTER_BOUND('',#344,.T.);
#197=FACE_OUTER_BOUND('',#345,.T.);
#198=FACE_OUTER_BOUND('',#346,.T.);
#199=FACE_OUTER_BOUND('',#347,.T.);
#200=FACE_OUTER_BOUND('',#348,.T.);
#201=FACE_OUTER_BOUND('',#349,.T.);
#202=FACE_OUTER_BOUND('',#350,.T.);
#203=FACE_OUTER_BOUND('',#351,.T.);
#204=FACE_OUTER_BOUND('',#352,.T.);
#205=FACE_OUTER_BOUND('',#353,.T.);
#206=FACE_OUTER_BOUND('',#355,.T.);
#207=FACE_OUTER_BOUND('',#358,.T.);
#208=FACE_OUTER_BOUND('',#361,.T.);
#209=FACE_OUTER_BOUND('',#363,.T.);
#210=FACE_OUTER_BOUND('',#364,.T.);
#211=FACE_OUTER_BOUND('',#365,.T.);
#212=FACE_OUTER_BOUND('',#366,.T.);
#213=FACE_OUTER_BOUND('',#367,.T.);
#214=FACE_OUTER_BOUND('',#368,.T.);
#215=FACE_OUTER_BOUND('',#369,.T.);
#216=FACE_OUTER_BOUND('',#370,.T.);
#217=FACE_OUTER_BOUND('',#371,.T.);
#218=FACE_OUTER_BOUND('',#372,.T.);
#219=FACE_OUTER_BOUND('',#373,.T.);
#220=FACE_OUTER_BOUND('',#374,.T.);
#221=FACE_OUTER_BOUND('',#375,.T.);
#222=FACE_OUTER_BOUND('',#376,.T.);
#223=FACE_OUTER_BOUND('',#377,.T.);
#224=FACE_OUTER_BOUND('',#378,.T.);
#225=FACE_OUTER_BOUND('',#379,.T.);
#226=FACE_OUTER_BOUND('',#380,.T.);
#227=FACE_OUTER_BOUND('',#381,.T.);
#228=FACE_OUTER_BOUND('',#382,.T.);
#229=FACE_OUTER_BOUND('',#383,.T.);
#230=FACE_OUTER_BOUND('',#384,.T.);
#231=FACE_OUTER_BOUND('',#385,.T.);
#232=FACE_OUTER_BOUND('',#386,.T.);
#233=FACE_OUTER_BOUND('',#387,.T.);
#234=FACE_OUTER_BOUND('',#388,.T.);
#235=FACE_OUTER_BOUND('',#389,.T.);
#236=FACE_OUTER_BOUND('',#390,.T.);
#237=FACE_OUTER_BOUND('',#391,.T.);
#238=FACE_OUTER_BOUND('',#392,.T.);
#239=FACE_OUTER_BOUND('',#393,.T.);
#240=FACE_OUTER_BOUND('',#394,.T.);
#241=FACE_OUTER_BOUND('',#395,.T.);
#242=FACE_OUTER_BOUND('',#396,.T.);
#243=FACE_OUTER_BOUND('',#397,.T.);
#244=FACE_OUTER_BOUND('',#398,.T.);
#245=FACE_OUTER_BOUND('',#399,.T.);
#246=FACE_OUTER_BOUND('',#400,.T.);
#247=FACE_OUTER_BOUND('',#401,.T.);
#248=FACE_OUTER_BOUND('',#403,.T.);
#249=FACE_OUTER_BOUND('',#406,.T.);
#250=FACE_OUTER_BOUND('',#409,.T.);
#251=FACE_OUTER_BOUND('',#411,.T.);
#252=FACE_OUTER_BOUND('',#412,.T.);
#253=EDGE_LOOP('',(#1605,#1606,#1607,#1608));
#254=EDGE_LOOP('',(#1609,#1610,#1611,#1612));
#255=EDGE_LOOP('',(#1613,#1614,#1615,#1616));
#256=EDGE_LOOP('',(#1617,#1618,#1619,#1620));
#257=EDGE_LOOP('',(#1621,#1622,#1623,#1624));
#258=EDGE_LOOP('',(#1625,#1626,#1627,#1628));
#259=EDGE_LOOP('',(#1629,#1630,#1631,#1632));
#260=EDGE_LOOP('',(#1633,#1634,#1635,#1636));
#261=EDGE_LOOP('',(#1637,#1638,#1639,#1640));
#262=EDGE_LOOP('',(#1641,#1642,#1643,#1644));
#263=EDGE_LOOP('',(#1645,#1646,#1647,#1648));
#264=EDGE_LOOP('',(#1649,#1650,#1651,#1652));
#265=EDGE_LOOP('',(#1653,#1654,#1655,#1656));
#266=EDGE_LOOP('',(#1657,#1658,#1659,#1660));
#267=EDGE_LOOP('',(#1661,#1662,#1663,#1664));
#268=EDGE_LOOP('',(#1665,#1666,#1667,#1668));
#269=EDGE_LOOP('',(#1669,#1670,#1671,#1672));
#270=EDGE_LOOP('',(#1673,#1674,#1675,#1676));
#271=EDGE_LOOP('',(#1677,#1678,#1679,#1680));
#272=EDGE_LOOP('',(#1681,#1682,#1683,#1684));
#273=EDGE_LOOP('',(#1685,#1686,#1687,#1688));
#274=EDGE_LOOP('',(#1689,#1690,#1691,#1692));
#275=EDGE_LOOP('',(#1693,#1694,#1695,#1696));
#276=EDGE_LOOP('',(#1697,#1698,#1699,#1700));
#277=EDGE_LOOP('',(#1701,#1702,#1703,#1704,#1705));
#278=EDGE_LOOP('',(#1706,#1707,#1708,#1709));
#279=EDGE_LOOP('',(#1710,#1711,#1712,#1713));
#280=EDGE_LOOP('',(#1714,#1715,#1716,#1717,#1718));
#281=EDGE_LOOP('',(#1719,#1720,#1721,#1722));
#282=EDGE_LOOP('',(#1723,#1724,#1725,#1726,#1727,#1728,#1729,#1730,#1731,
#1732,#1733,#1734));
#283=EDGE_LOOP('',(#1735,#1736,#1737,#1738));
#284=EDGE_LOOP('',(#1739,#1740,#1741,#1742,#1743));
#285=EDGE_LOOP('',(#1744,#1745,#1746,#1747));
#286=EDGE_LOOP('',(#1748,#1749,#1750,#1751,#1752));
#287=EDGE_LOOP('',(#1753,#1754,#1755,#1756));
#288=EDGE_LOOP('',(#1757,#1758,#1759,#1760));
#289=EDGE_LOOP('',(#1761,#1762,#1763,#1764,#1765));
#290=EDGE_LOOP('',(#1766,#1767,#1768,#1769));
#291=EDGE_LOOP('',(#1770,#1771,#1772,#1773,#1774));
#292=EDGE_LOOP('',(#1775,#1776,#1777,#1778));
#293=EDGE_LOOP('',(#1779,#1780,#1781,#1782,#1783,#1784,#1785,#1786,#1787,
#1788,#1789,#1790));
#294=EDGE_LOOP('',(#1791,#1792,#1793,#1794,#1795));
#295=EDGE_LOOP('',(#1796,#1797,#1798,#1799));
#296=EDGE_LOOP('',(#1800,#1801,#1802,#1803,#1804));
#297=EDGE_LOOP('',(#1805,#1806,#1807,#1808));
#298=EDGE_LOOP('',(#1809,#1810,#1811,#1812));
#299=EDGE_LOOP('',(#1813,#1814,#1815,#1816,#1817,#1818,#1819,#1820,#1821,
#1822));
#300=EDGE_LOOP('',(#1823,#1824,#1825,#1826));
#301=EDGE_LOOP('',(#1827,#1828,#1829,#1830));
#302=EDGE_LOOP('',(#1831,#1832,#1833,#1834));
#303=EDGE_LOOP('',(#1835,#1836,#1837,#1838));
#304=EDGE_LOOP('',(#1839,#1840,#1841,#1842));
#305=EDGE_LOOP('',(#1843,#1844,#1845,#1846));
#306=EDGE_LOOP('',(#1847,#1848,#1849,#1850));
#307=EDGE_LOOP('',(#1851,#1852,#1853,#1854));
#308=EDGE_LOOP('',(#1855,#1856,#1857,#1858));
#309=EDGE_LOOP('',(#1859,#1860,#1861,#1862));
#310=EDGE_LOOP('',(#1863,#1864,#1865,#1866,#1867,#1868,#1869,#1870,#1871,
#1872));
#311=EDGE_LOOP('',(#1873,#1874,#1875,#1876));
#312=EDGE_LOOP('',(#1877,#1878,#1879,#1880));
#313=EDGE_LOOP('',(#1881,#1882,#1883,#1884,#1885,#1886));
#314=EDGE_LOOP('',(#1887,#1888,#1889,#1890,#1891,#1892));
#315=EDGE_LOOP('',(#1893,#1894,#1895,#1896));
#316=EDGE_LOOP('',(#1897,#1898,#1899,#1900));
#317=EDGE_LOOP('',(#1901,#1902,#1903,#1904));
#318=EDGE_LOOP('',(#1905,#1906,#1907,#1908));
#319=EDGE_LOOP('',(#1909,#1910,#1911,#1912));
#320=EDGE_LOOP('',(#1913,#1914,#1915,#1916));
#321=EDGE_LOOP('',(#1917,#1918,#1919,#1920));
#322=EDGE_LOOP('',(#1921,#1922,#1923,#1924));
#323=EDGE_LOOP('',(#1925,#1926,#1927,#1928));
#324=EDGE_LOOP('',(#1929,#1930,#1931,#1932));
#325=EDGE_LOOP('',(#1933,#1934,#1935,#1936));
#326=EDGE_LOOP('',(#1937,#1938,#1939,#1940));
#327=EDGE_LOOP('',(#1941,#1942,#1943,#1944));
#328=EDGE_LOOP('',(#1945,#1946,#1947,#1948));
#329=EDGE_LOOP('',(#1949,#1950,#1951,#1952));
#330=EDGE_LOOP('',(#1953,#1954,#1955,#1956));
#331=EDGE_LOOP('',(#1957,#1958,#1959,#1960));
#332=EDGE_LOOP('',(#1961,#1962,#1963,#1964));
#333=EDGE_LOOP('',(#1965,#1966,#1967,#1968));
#334=EDGE_LOOP('',(#1969,#1970,#1971,#1972));
#335=EDGE_LOOP('',(#1973,#1974,#1975,#1976));
#336=EDGE_LOOP('',(#1977,#1978,#1979,#1980));
#337=EDGE_LOOP('',(#1981,#1982,#1983,#1984));
#338=EDGE_LOOP('',(#1985,#1986,#1987,#1988));
#339=EDGE_LOOP('',(#1989,#1990,#1991,#1992));
#340=EDGE_LOOP('',(#1993,#1994,#1995,#1996));
#341=EDGE_LOOP('',(#1997,#1998,#1999,#2000));
#342=EDGE_LOOP('',(#2001,#2002,#2003,#2004,#2005,#2006,#2007,#2008));
#343=EDGE_LOOP('',(#2009,#2010,#2011,#2012));
#344=EDGE_LOOP('',(#2013,#2014,#2015,#2016));
#345=EDGE_LOOP('',(#2017,#2018,#2019,#2020,#2021,#2022,#2023,#2024,#2025,
#2026));
#346=EDGE_LOOP('',(#2027,#2028,#2029,#2030));
#347=EDGE_LOOP('',(#2031,#2032,#2033,#2034,#2035,#2036));
#348=EDGE_LOOP('',(#2037,#2038,#2039,#2040));
#349=EDGE_LOOP('',(#2041,#2042,#2043,#2044));
#350=EDGE_LOOP('',(#2045,#2046,#2047,#2048));
#351=EDGE_LOOP('',(#2049,#2050,#2051,#2052));
#352=EDGE_LOOP('',(#2053,#2054,#2055,#2056));
#353=EDGE_LOOP('',(#2057,#2058,#2059,#2060,#2061));
#354=EDGE_LOOP('',(#2062));
#355=EDGE_LOOP('',(#2063,#2064,#2065,#2066,#2067,#2068));
#356=EDGE_LOOP('',(#2069));
#357=EDGE_LOOP('',(#2070));
#358=EDGE_LOOP('',(#2071,#2072,#2073,#2074,#2075,#2076,#2077,#2078,#2079,
#2080,#2081,#2082));
#359=EDGE_LOOP('',(#2083,#2084,#2085,#2086));
#360=EDGE_LOOP('',(#2087,#2088,#2089,#2090));
#361=EDGE_LOOP('',(#2091,#2092,#2093,#2094,#2095));
#362=EDGE_LOOP('',(#2096));
#363=EDGE_LOOP('',(#2097,#2098,#2099,#2100));
#364=EDGE_LOOP('',(#2101,#2102,#2103,#2104));
#365=EDGE_LOOP('',(#2105,#2106,#2107,#2108));
#366=EDGE_LOOP('',(#2109,#2110,#2111,#2112));
#367=EDGE_LOOP('',(#2113,#2114,#2115,#2116));
#368=EDGE_LOOP('',(#2117,#2118,#2119,#2120));
#369=EDGE_LOOP('',(#2121,#2122,#2123,#2124));
#370=EDGE_LOOP('',(#2125,#2126,#2127,#2128));
#371=EDGE_LOOP('',(#2129,#2130,#2131,#2132));
#372=EDGE_LOOP('',(#2133,#2134,#2135,#2136));
#373=EDGE_LOOP('',(#2137,#2138,#2139,#2140));
#374=EDGE_LOOP('',(#2141,#2142,#2143,#2144));
#375=EDGE_LOOP('',(#2145,#2146,#2147,#2148));
#376=EDGE_LOOP('',(#2149,#2150,#2151,#2152));
#377=EDGE_LOOP('',(#2153,#2154,#2155,#2156));
#378=EDGE_LOOP('',(#2157,#2158,#2159,#2160));
#379=EDGE_LOOP('',(#2161,#2162,#2163,#2164));
#380=EDGE_LOOP('',(#2165,#2166,#2167,#2168));
#381=EDGE_LOOP('',(#2169,#2170,#2171,#2172));
#382=EDGE_LOOP('',(#2173,#2174,#2175,#2176));
#383=EDGE_LOOP('',(#2177,#2178,#2179,#2180));
#384=EDGE_LOOP('',(#2181,#2182,#2183,#2184));
#385=EDGE_LOOP('',(#2185,#2186,#2187,#2188));
#386=EDGE_LOOP('',(#2189,#2190,#2191,#2192));
#387=EDGE_LOOP('',(#2193,#2194,#2195,#2196));
#388=EDGE_LOOP('',(#2197,#2198,#2199,#2200));
#389=EDGE_LOOP('',(#2201,#2202,#2203,#2204));
#390=EDGE_LOOP('',(#2205,#2206,#2207,#2208,#2209,#2210,#2211,#2212));
#391=EDGE_LOOP('',(#2213,#2214,#2215,#2216));
#392=EDGE_LOOP('',(#2217,#2218,#2219,#2220));
#393=EDGE_LOOP('',(#2221,#2222,#2223,#2224,#2225,#2226,#2227,#2228,#2229,
#2230));
#394=EDGE_LOOP('',(#2231,#2232,#2233,#2234));
#395=EDGE_LOOP('',(#2235,#2236,#2237,#2238,#2239,#2240));
#396=EDGE_LOOP('',(#2241,#2242,#2243,#2244));
#397=EDGE_LOOP('',(#2245,#2246,#2247,#2248));
#398=EDGE_LOOP('',(#2249,#2250,#2251,#2252));
#399=EDGE_LOOP('',(#2253,#2254,#2255,#2256));
#400=EDGE_LOOP('',(#2257,#2258,#2259,#2260));
#401=EDGE_LOOP('',(#2261,#2262,#2263,#2264,#2265));
#402=EDGE_LOOP('',(#2266));
#403=EDGE_LOOP('',(#2267,#2268,#2269,#2270,#2271,#2272));
#404=EDGE_LOOP('',(#2273));
#405=EDGE_LOOP('',(#2274));
#406=EDGE_LOOP('',(#2275,#2276,#2277,#2278,#2279,#2280,#2281,#2282,#2283,
#2284,#2285,#2286));
#407=EDGE_LOOP('',(#2287,#2288,#2289,#2290));
#408=EDGE_LOOP('',(#2291,#2292,#2293,#2294));
#409=EDGE_LOOP('',(#2295,#2296,#2297,#2298,#2299));
#410=EDGE_LOOP('',(#2300));
#411=EDGE_LOOP('',(#2301,#2302,#2303,#2304));
#412=EDGE_LOOP('',(#2305,#2306,#2307,#2308));
#413=LINE('',#3483,#721);
#414=LINE('',#3485,#722);
#415=LINE('',#3487,#723);
#416=LINE('',#3488,#724);
#417=LINE('',#3491,#725);
#418=LINE('',#3493,#726);
#419=LINE('',#3494,#727);
#420=LINE('',#3497,#728);
#421=LINE('',#3499,#729);
#422=LINE('',#3500,#730);
#423=LINE('',#3502,#731);
#424=LINE('',#3503,#732);
#425=LINE('',#3509,#733);
#426=LINE('',#3511,#734);
#427=LINE('',#3513,#735);
#428=LINE('',#3514,#736);
#429=LINE('',#3517,#737);
#430=LINE('',#3519,#738);
#431=LINE('',#3520,#739);
#432=LINE('',#3523,#740);
#433=LINE('',#3525,#741);
#434=LINE('',#3526,#742);
#435=LINE('',#3528,#743);
#436=LINE('',#3529,#744);
#437=LINE('',#3535,#745);
#438=LINE('',#3537,#746);
#439=LINE('',#3539,#747);
#440=LINE('',#3540,#748);
#441=LINE('',#3543,#749);
#442=LINE('',#3545,#750);
#443=LINE('',#3546,#751);
#444=LINE('',#3549,#752);
#445=LINE('',#3551,#753);
#446=LINE('',#3552,#754);
#447=LINE('',#3554,#755);
#448=LINE('',#3555,#756);
#449=LINE('',#3561,#757);
#450=LINE('',#3563,#758);
#451=LINE('',#3565,#759);
#452=LINE('',#3566,#760);
#453=LINE('',#3569,#761);
#454=LINE('',#3571,#762);
#455=LINE('',#3572,#763);
#456=LINE('',#3575,#764);
#457=LINE('',#3577,#765);
#458=LINE('',#3578,#766);
#459=LINE('',#3580,#767);
#460=LINE('',#3581,#768);
#461=LINE('',#3587,#769);
#462=LINE('',#3589,#770);
#463=LINE('',#3591,#771);
#464=LINE('',#3593,#772);
#465=LINE('',#3594,#773);
#466=LINE('',#3599,#774);
#467=LINE('',#3600,#775);
#468=LINE('',#3603,#776);
#469=LINE('',#3605,#777);
#470=LINE('',#3606,#778);
#471=LINE('',#3609,#779);
#472=LINE('',#3610,#780);
#473=LINE('',#3611,#781);
#474=LINE('',#3617,#782);
#475=LINE('',#3621,#783);
#476=LINE('',#3625,#784);
#477=LINE('',#3629,#785);
#478=LINE('',#3633,#786);
#479=LINE('',#3635,#787);
#480=LINE('',#3636,#788);
#481=LINE('',#3639,#789);
#482=LINE('',#3641,#790);
#483=LINE('',#3642,#791);
#484=LINE('',#3645,#792);
#485=LINE('',#3647,#793);
#486=LINE('',#3648,#794);
#487=LINE('',#3650,#795);
#488=LINE('',#3651,#796);
#489=LINE('',#3658,#797);
#490=LINE('',#3660,#798);
#491=LINE('',#3661,#799);
#492=LINE('',#3664,#800);
#493=LINE('',#3666,#801);
#494=LINE('',#3668,#802);
#495=LINE('',#3669,#803);
#496=LINE('',#3672,#804);
#497=LINE('',#3674,#805);
#498=LINE('',#3675,#806);
#499=LINE('',#3678,#807);
#500=LINE('',#3679,#808);
#501=LINE('',#3680,#809);
#502=LINE('',#3686,#810);
#503=LINE('',#3690,#811);
#504=LINE('',#3694,#812);
#505=LINE('',#3698,#813);
#506=LINE('',#3702,#814);
#507=LINE('',#3704,#815);
#508=LINE('',#3706,#816);
#509=LINE('',#3707,#817);
#510=LINE('',#3710,#818);
#511=LINE('',#3712,#819);
#512=LINE('',#3713,#820);
#513=LINE('',#3715,#821);
#514=LINE('',#3717,#822);
#515=LINE('',#3718,#823);
#516=LINE('',#3720,#824);
#517=LINE('',#3723,#825);
#518=LINE('',#3727,#826);
#519=LINE('',#3729,#827);
#520=LINE('',#3731,#828);
#521=LINE('',#3732,#829);
#522=LINE('',#3735,#830);
#523=LINE('',#3737,#831);
#524=LINE('',#3738,#832);
#525=LINE('',#3741,#833);
#526=LINE('',#3743,#834);
#527=LINE('',#3744,#835);
#528=LINE('',#3746,#836);
#529=LINE('',#3747,#837);
#530=LINE('',#3750,#838);
#531=LINE('',#3752,#839);
#532=LINE('',#3753,#840);
#533=LINE('',#3756,#841);
#534=LINE('',#3757,#842);
#535=LINE('',#3761,#843);
#536=LINE('',#3763,#844);
#537=LINE('',#3765,#845);
#538=LINE('',#3766,#846);
#539=LINE('',#3768,#847);
#540=LINE('',#3769,#848);
#541=LINE('',#3771,#849);
#542=LINE('',#3772,#850);
#543=LINE('',#3773,#851);
#544=LINE('',#3777,#852);
#545=LINE('',#3778,#853);
#546=LINE('',#3780,#854);
#547=LINE('',#3782,#855);
#548=LINE('',#3784,#856);
#549=LINE('',#3789,#857);
#550=LINE('',#3791,#858);
#551=LINE('',#3793,#859);
#552=LINE('',#3794,#860);
#553=LINE('',#3797,#861);
#554=LINE('',#3799,#862);
#555=LINE('',#3800,#863);
#556=LINE('',#3803,#864);
#557=LINE('',#3805,#865);
#558=LINE('',#3806,#866);
#559=LINE('',#3808,#867);
#560=LINE('',#3809,#868);
#561=LINE('',#3814,#869);
#562=LINE('',#3816,#870);
#563=LINE('',#3818,#871);
#564=LINE('',#3819,#872);
#565=LINE('',#3822,#873);
#566=LINE('',#3824,#874);
#567=LINE('',#3825,#875);
#568=LINE('',#3828,#876);
#569=LINE('',#3830,#877);
#570=LINE('',#3831,#878);
#571=LINE('',#3833,#879);
#572=LINE('',#3834,#880);
#573=LINE('',#3839,#881);
#574=LINE('',#3841,#882);
#575=LINE('',#3843,#883);
#576=LINE('',#3844,#884);
#577=LINE('',#3849,#885);
#578=LINE('',#3854,#886);
#579=LINE('',#3855,#887);
#580=LINE('',#3856,#888);
#581=LINE('',#3861,#889);
#582=LINE('',#3866,#890);
#583=LINE('',#3867,#891);
#584=LINE('',#3868,#892);
#585=LINE('',#3871,#893);
#586=LINE('',#3873,#894);
#587=LINE('',#3874,#895);
#588=LINE('',#3878,#896);
#589=LINE('',#3880,#897);
#590=LINE('',#3882,#898);
#591=LINE('',#3883,#899);
#592=LINE('',#3888,#900);
#593=LINE('',#3893,#901);
#594=LINE('',#3894,#902);
#595=LINE('',#3895,#903);
#596=LINE('',#3900,#904);
#597=LINE('',#3903,#905);
#598=LINE('',#3904,#906);
#599=LINE('',#3907,#907);
#600=LINE('',#3909,#908);
#601=LINE('',#3910,#909);
#602=LINE('',#3913,#910);
#603=LINE('',#3917,#911);
#604=LINE('',#3920,#912);
#605=LINE('',#3923,#913);
#606=LINE('',#3924,#914);
#607=LINE('',#3927,#915);
#608=LINE('',#3929,#916);
#609=LINE('',#3931,#917);
#610=LINE('',#3933,#918);
#611=LINE('',#3935,#919);
#612=LINE('',#3936,#920);
#613=LINE('',#3939,#921);
#614=LINE('',#3940,#922);
#615=LINE('',#3943,#923);
#616=LINE('',#3947,#924);
#617=LINE('',#3949,#925);
#618=LINE('',#3950,#926);
#619=LINE('',#3952,#927);
#620=LINE('',#3953,#928);
#621=LINE('',#3956,#929);
#622=LINE('',#3960,#930);
#623=LINE('',#3961,#931);
#624=LINE('',#3962,#932);
#625=LINE('',#3964,#933);
#626=LINE('',#3967,#934);
#627=LINE('',#3969,#935);
#628=LINE('',#3970,#936);
#629=LINE('',#3972,#937);
#630=LINE('',#3973,#938);
#631=LINE('',#3975,#939);
#632=LINE('',#3976,#940);
#633=LINE('',#3991,#941);
#634=LINE('',#3993,#942);
#635=LINE('',#3997,#943);
#636=LINE('',#3999,#944);
#637=LINE('',#4001,#945);
#638=LINE('',#4002,#946);
#639=LINE('',#4005,#947);
#640=LINE('',#4007,#948);
#641=LINE('',#4008,#949);
#642=LINE('',#4011,#950);
#643=LINE('',#4013,#951);
#644=LINE('',#4014,#952);
#645=LINE('',#4016,#953);
#646=LINE('',#4017,#954);
#647=LINE('',#4022,#955);
#648=LINE('',#4024,#956);
#649=LINE('',#4026,#957);
#650=LINE('',#4027,#958);
#651=LINE('',#4030,#959);
#652=LINE('',#4032,#960);
#653=LINE('',#4033,#961);
#654=LINE('',#4036,#962);
#655=LINE('',#4038,#963);
#656=LINE('',#4039,#964);
#657=LINE('',#4041,#965);
#658=LINE('',#4042,#966);
#659=LINE('',#4047,#967);
#660=LINE('',#4049,#968);
#661=LINE('',#4051,#969);
#662=LINE('',#4052,#970);
#663=LINE('',#4057,#971);
#664=LINE('',#4062,#972);
#665=LINE('',#4063,#973);
#666=LINE('',#4064,#974);
#667=LINE('',#4069,#975);
#668=LINE('',#4074,#976);
#669=LINE('',#4075,#977);
#670=LINE('',#4076,#978);
#671=LINE('',#4079,#979);
#672=LINE('',#4081,#980);
#673=LINE('',#4082,#981);
#674=LINE('',#4086,#982);
#675=LINE('',#4088,#983);
#676=LINE('',#4090,#984);
#677=LINE('',#4091,#985);
#678=LINE('',#4096,#986);
#679=LINE('',#4101,#987);
#680=LINE('',#4102,#988);
#681=LINE('',#4103,#989);
#682=LINE('',#4108,#990);
#683=LINE('',#4111,#991);
#684=LINE('',#4112,#992);
#685=LINE('',#4115,#993);
#686=LINE('',#4117,#994);
#687=LINE('',#4118,#995);
#688=LINE('',#4122,#996);
#689=LINE('',#4125,#997);
#690=LINE('',#4128,#998);
#691=LINE('',#4131,#999);
#692=LINE('',#4132,#1000);
#693=LINE('',#4135,#1001);
#694=LINE('',#4137,#1002);
#695=LINE('',#4139,#1003);
#696=LINE('',#4141,#1004);
#697=LINE('',#4143,#1005);
#698=LINE('',#4144,#1006);
#699=LINE('',#4147,#1007);
#700=LINE('',#4148,#1008);
#701=LINE('',#4152,#1009);
#702=LINE('',#4155,#1010);
#703=LINE('',#4156,#1011);
#704=LINE('',#4158,#1012);
#705=LINE('',#4160,#1013);
#706=LINE('',#4161,#1014);
#707=LINE('',#4165,#1015);
#708=LINE('',#4167,#1016);
#709=LINE('',#4169,#1017);
#710=LINE('',#4170,#1018);
#711=LINE('',#4172,#1019);
#712=LINE('',#4175,#1020);
#713=LINE('',#4177,#1021);
#714=LINE('',#4178,#1022);
#715=LINE('',#4180,#1023);
#716=LINE('',#4181,#1024);
#717=LINE('',#4183,#1025);
#718=LINE('',#4184,#1026);
#719=LINE('',#4199,#1027);
#720=LINE('',#4201,#1028);
#721=VECTOR('',#2793,10.);
#722=VECTOR('',#2794,10.);
#723=VECTOR('',#2795,10.);
#724=VECTOR('',#2796,10.);
#725=VECTOR('',#2799,10.);
#726=VECTOR('',#2800,10.);
#727=VECTOR('',#2801,10.);
#728=VECTOR('',#2804,10.);
#729=VECTOR('',#2805,10.);
#730=VECTOR('',#2806,10.);
#731=VECTOR('',#2809,10.);
#732=VECTOR('',#2810,10.);
#733=VECTOR('',#2817,10.);
#734=VECTOR('',#2818,10.);
#735=VECTOR('',#2819,10.);
#736=VECTOR('',#2820,10.);
#737=VECTOR('',#2823,10.);
#738=VECTOR('',#2824,10.);
#739=VECTOR('',#2825,10.);
#740=VECTOR('',#2828,10.);
#741=VECTOR('',#2829,10.);
#742=VECTOR('',#2830,10.);
#743=VECTOR('',#2833,10.);
#744=VECTOR('',#2834,10.);
#745=VECTOR('',#2841,10.);
#746=VECTOR('',#2842,10.);
#747=VECTOR('',#2843,10.);
#748=VECTOR('',#2844,10.);
#749=VECTOR('',#2847,10.);
#750=VECTOR('',#2848,10.);
#751=VECTOR('',#2849,10.);
#752=VECTOR('',#2852,10.);
#753=VECTOR('',#2853,10.);
#754=VECTOR('',#2854,10.);
#755=VECTOR('',#2857,10.);
#756=VECTOR('',#2858,10.);
#757=VECTOR('',#2865,10.);
#758=VECTOR('',#2866,10.);
#759=VECTOR('',#2867,10.);
#760=VECTOR('',#2868,10.);
#761=VECTOR('',#2871,10.);
#762=VECTOR('',#2872,10.);
#763=VECTOR('',#2873,10.);
#764=VECTOR('',#2876,10.);
#765=VECTOR('',#2877,10.);
#766=VECTOR('',#2878,10.);
#767=VECTOR('',#2881,10.);
#768=VECTOR('',#2882,10.);
#769=VECTOR('',#2889,10.);
#770=VECTOR('',#2890,10.);
#771=VECTOR('',#2891,10.);
#772=VECTOR('',#2892,10.);
#773=VECTOR('',#2893,10.);
#774=VECTOR('',#2898,10.);
#775=VECTOR('',#2899,10.);
#776=VECTOR('',#2902,10.);
#777=VECTOR('',#2903,10.);
#778=VECTOR('',#2904,10.);
#779=VECTOR('',#2907,10.);
#780=VECTOR('',#2908,10.);
#781=VECTOR('',#2909,10.);
#782=VECTOR('',#2916,10.);
#783=VECTOR('',#2919,10.);
#784=VECTOR('',#2922,10.);
#785=VECTOR('',#2925,10.);
#786=VECTOR('',#2930,10.);
#787=VECTOR('',#2931,10.);
#788=VECTOR('',#2932,10.);
#789=VECTOR('',#2935,10.);
#790=VECTOR('',#2936,10.);
#791=VECTOR('',#2937,10.);
#792=VECTOR('',#2940,10.);
#793=VECTOR('',#2941,10.);
#794=VECTOR('',#2942,10.);
#795=VECTOR('',#2945,10.);
#796=VECTOR('',#2946,10.);
#797=VECTOR('',#2953,10.);
#798=VECTOR('',#2954,10.);
#799=VECTOR('',#2955,10.);
#800=VECTOR('',#2958,10.);
#801=VECTOR('',#2959,10.);
#802=VECTOR('',#2960,10.);
#803=VECTOR('',#2961,10.);
#804=VECTOR('',#2964,10.);
#805=VECTOR('',#2965,10.);
#806=VECTOR('',#2966,10.);
#807=VECTOR('',#2969,10.);
#808=VECTOR('',#2970,10.);
#809=VECTOR('',#2971,10.);
#810=VECTOR('',#2978,10.);
#811=VECTOR('',#2981,10.);
#812=VECTOR('',#2984,10.);
#813=VECTOR('',#2987,10.);
#814=VECTOR('',#2992,10.);
#815=VECTOR('',#2993,10.);
#816=VECTOR('',#2994,10.);
#817=VECTOR('',#2995,10.);
#818=VECTOR('',#2998,10.);
#819=VECTOR('',#2999,10.);
#820=VECTOR('',#3000,10.);
#821=VECTOR('',#3003,10.);
#822=VECTOR('',#3004,10.);
#823=VECTOR('',#3005,10.);
#824=VECTOR('',#3008,10.);
#825=VECTOR('',#3013,10.);
#826=VECTOR('',#3016,10.);
#827=VECTOR('',#3017,10.);
#828=VECTOR('',#3018,10.);
#829=VECTOR('',#3019,10.);
#830=VECTOR('',#3022,10.);
#831=VECTOR('',#3023,10.);
#832=VECTOR('',#3024,10.);
#833=VECTOR('',#3027,10.);
#834=VECTOR('',#3028,10.);
#835=VECTOR('',#3029,10.);
#836=VECTOR('',#3032,10.);
#837=VECTOR('',#3033,10.);
#838=VECTOR('',#3036,10.);
#839=VECTOR('',#3037,10.);
#840=VECTOR('',#3038,10.);
#841=VECTOR('',#3041,10.);
#842=VECTOR('',#3042,10.);
#843=VECTOR('',#3045,10.);
#844=VECTOR('',#3046,10.);
#845=VECTOR('',#3047,10.);
#846=VECTOR('',#3048,10.);
#847=VECTOR('',#3051,10.);
#848=VECTOR('',#3052,10.);
#849=VECTOR('',#3055,10.);
#850=VECTOR('',#3056,10.);
#851=VECTOR('',#3057,10.);
#852=VECTOR('',#3062,10.);
#853=VECTOR('',#3063,10.);
#854=VECTOR('',#3066,10.);
#855=VECTOR('',#3069,10.);
#856=VECTOR('',#3072,10.);
#857=VECTOR('',#3077,10.);
#858=VECTOR('',#3078,10.);
#859=VECTOR('',#3079,10.);
#860=VECTOR('',#3080,10.);
#861=VECTOR('',#3083,10.);
#862=VECTOR('',#3084,10.);
#863=VECTOR('',#3085,10.);
#864=VECTOR('',#3088,10.);
#865=VECTOR('',#3089,10.);
#866=VECTOR('',#3090,10.);
#867=VECTOR('',#3093,10.);
#868=VECTOR('',#3094,10.);
#869=VECTOR('',#3099,10.);
#870=VECTOR('',#3100,10.);
#871=VECTOR('',#3101,10.);
#872=VECTOR('',#3102,10.);
#873=VECTOR('',#3105,10.);
#874=VECTOR('',#3106,10.);
#875=VECTOR('',#3107,10.);
#876=VECTOR('',#3110,10.);
#877=VECTOR('',#3111,10.);
#878=VECTOR('',#3112,10.);
#879=VECTOR('',#3115,10.);
#880=VECTOR('',#3116,10.);
#881=VECTOR('',#3121,10.);
#882=VECTOR('',#3122,10.);
#883=VECTOR('',#3123,10.);
#884=VECTOR('',#3124,10.);
#885=VECTOR('',#3129,10.);
#886=VECTOR('',#3134,10.);
#887=VECTOR('',#3135,10.);
#888=VECTOR('',#3136,10.);
#889=VECTOR('',#3141,10.);
#890=VECTOR('',#3146,10.);
#891=VECTOR('',#3147,10.);
#892=VECTOR('',#3148,10.);
#893=VECTOR('',#3151,10.);
#894=VECTOR('',#3152,10.);
#895=VECTOR('',#3153,10.);
#896=VECTOR('',#3156,10.);
#897=VECTOR('',#3157,10.);
#898=VECTOR('',#3158,10.);
#899=VECTOR('',#3159,10.);
#900=VECTOR('',#3164,10.);
#901=VECTOR('',#3169,10.);
#902=VECTOR('',#3170,10.);
#903=VECTOR('',#3171,10.);
#904=VECTOR('',#3176,10.);
#905=VECTOR('',#3181,10.);
#906=VECTOR('',#3182,10.);
#907=VECTOR('',#3185,10.);
#908=VECTOR('',#3186,10.);
#909=VECTOR('',#3187,10.);
#910=VECTOR('',#3190,10.);
#911=VECTOR('',#3195,10.);
#912=VECTOR('',#3198,10.);
#913=VECTOR('',#3201,10.);
#914=VECTOR('',#3202,10.);
#915=VECTOR('',#3205,10.);
#916=VECTOR('',#3206,10.);
#917=VECTOR('',#3207,10.);
#918=VECTOR('',#3208,10.);
#919=VECTOR('',#3209,10.);
#920=VECTOR('',#3210,10.);
#921=VECTOR('',#3213,10.);
#922=VECTOR('',#3214,10.);
#923=VECTOR('',#3217,10.);
#924=VECTOR('',#3222,10.);
#925=VECTOR('',#3223,10.);
#926=VECTOR('',#3224,10.);
#927=VECTOR('',#3225,10.);
#928=VECTOR('',#3226,10.);
#929=VECTOR('',#3229,10.);
#930=VECTOR('',#3234,10.);
#931=VECTOR('',#3235,10.);
#932=VECTOR('',#3236,10.);
#933=VECTOR('',#3239,10.);
#934=VECTOR('',#3242,10.);
#935=VECTOR('',#3243,10.);
#936=VECTOR('',#3244,10.);
#937=VECTOR('',#3247,10.);
#938=VECTOR('',#3248,10.);
#939=VECTOR('',#3251,10.);
#940=VECTOR('',#3252,10.);
#941=VECTOR('',#3273,1.99999999999999);
#942=VECTOR('',#3276,1.99999999999999);
#943=VECTOR('',#3279,10.);
#944=VECTOR('',#3280,10.);
#945=VECTOR('',#3281,10.);
#946=VECTOR('',#3282,10.);
#947=VECTOR('',#3285,10.);
#948=VECTOR('',#3286,10.);
#949=VECTOR('',#3287,10.);
#950=VECTOR('',#3290,10.);
#951=VECTOR('',#3291,10.);
#952=VECTOR('',#3292,10.);
#953=VECTOR('',#3295,10.);
#954=VECTOR('',#3296,10.);
#955=VECTOR('',#3301,10.);
#956=VECTOR('',#3302,10.);
#957=VECTOR('',#3303,10.);
#958=VECTOR('',#3304,10.);
#959=VECTOR('',#3307,10.);
#960=VECTOR('',#3308,10.);
#961=VECTOR('',#3309,10.);
#962=VECTOR('',#3312,10.);
#963=VECTOR('',#3313,10.);
#964=VECTOR('',#3314,10.);
#965=VECTOR('',#3317,10.);
#966=VECTOR('',#3318,10.);
#967=VECTOR('',#3323,10.);
#968=VECTOR('',#3324,10.);
#969=VECTOR('',#3325,10.);
#970=VECTOR('',#3326,10.);
#971=VECTOR('',#3331,10.);
#972=VECTOR('',#3336,10.);
#973=VECTOR('',#3337,10.);
#974=VECTOR('',#3338,10.);
#975=VECTOR('',#3343,10.);
#976=VECTOR('',#3348,10.);
#977=VECTOR('',#3349,10.);
#978=VECTOR('',#3350,10.);
#979=VECTOR('',#3353,10.);
#980=VECTOR('',#3354,10.);
#981=VECTOR('',#3355,10.);
#982=VECTOR('',#3358,10.);
#983=VECTOR('',#3359,10.);
#984=VECTOR('',#3360,10.);
#985=VECTOR('',#3361,10.);
#986=VECTOR('',#3366,10.);
#987=VECTOR('',#3371,10.);
#988=VECTOR('',#3372,10.);
#989=VECTOR('',#3373,10.);
#990=VECTOR('',#3378,10.);
#991=VECTOR('',#3383,10.);
#992=VECTOR('',#3384,10.);
#993=VECTOR('',#3387,10.);
#994=VECTOR('',#3388,10.);
#995=VECTOR('',#3389,10.);
#996=VECTOR('',#3394,10.);
#997=VECTOR('',#3397,10.);
#998=VECTOR('',#3400,10.);
#999=VECTOR('',#3403,10.);
#1000=VECTOR('',#3404,10.);
#1001=VECTOR('',#3407,10.);
#1002=VECTOR('',#3408,10.);
#1003=VECTOR('',#3409,10.);
#1004=VECTOR('',#3410,10.);
#1005=VECTOR('',#3411,10.);
#1006=VECTOR('',#3412,10.);
#1007=VECTOR('',#3415,10.);
#1008=VECTOR('',#3416,10.);
#1009=VECTOR('',#3421,10.);
#1010=VECTOR('',#3424,10.);
#1011=VECTOR('',#3425,10.);
#1012=VECTOR('',#3426,10.);
#1013=VECTOR('',#3427,10.);
#1014=VECTOR('',#3428,10.);
#1015=VECTOR('',#3433,10.);
#1016=VECTOR('',#3436,10.);
#1017=VECTOR('',#3437,10.);
#1018=VECTOR('',#3438,10.);
#1019=VECTOR('',#3441,10.);
#1020=VECTOR('',#3444,10.);
#1021=VECTOR('',#3445,10.);
#1022=VECTOR('',#3446,10.);
#1023=VECTOR('',#3449,10.);
#1024=VECTOR('',#3450,10.);
#1025=VECTOR('',#3453,10.);
#1026=VECTOR('',#3454,10.);
#1027=VECTOR('',#3475,1.99999999999999);
#1028=VECTOR('',#3478,1.99999999999999);
#1029=VERTEX_POINT('',#3481);
#1030=VERTEX_POINT('',#3482);
#1031=VERTEX_POINT('',#3484);
#1032=VERTEX_POINT('',#3486);
#1033=VERTEX_POINT('',#3490);
#1034=VERTEX_POINT('',#3492);
#1035=VERTEX_POINT('',#3496);
#1036=VERTEX_POINT('',#3498);
#1037=VERTEX_POINT('',#3507);
#1038=VERTEX_POINT('',#3508);
#1039=VERTEX_POINT('',#3510);
#1040=VERTEX_POINT('',#3512);
#1041=VERTEX_POINT('',#3516);
#1042=VERTEX_POINT('',#3518);
#1043=VERTEX_POINT('',#3522);
#1044=VERTEX_POINT('',#3524);
#1045=VERTEX_POINT('',#3533);
#1046=VERTEX_POINT('',#3534);
#1047=VERTEX_POINT('',#3536);
#1048=VERTEX_POINT('',#3538);
#1049=VERTEX_POINT('',#3542);
#1050=VERTEX_POINT('',#3544);
#1051=VERTEX_POINT('',#3548);
#1052=VERTEX_POINT('',#3550);
#1053=VERTEX_POINT('',#3559);
#1054=VERTEX_POINT('',#3560);
#1055=VERTEX_POINT('',#3562);
#1056=VERTEX_POINT('',#3564);
#1057=VERTEX_POINT('',#3568);
#1058=VERTEX_POINT('',#3570);
#1059=VERTEX_POINT('',#3574);
#1060=VERTEX_POINT('',#3576);
#1061=VERTEX_POINT('',#3585);
#1062=VERTEX_POINT('',#3586);
#1063=VERTEX_POINT('',#3588);
#1064=VERTEX_POINT('',#3590);
#1065=VERTEX_POINT('',#3592);
#1066=VERTEX_POINT('',#3596);
#1067=VERTEX_POINT('',#3598);
#1068=VERTEX_POINT('',#3602);
#1069=VERTEX_POINT('',#3604);
#1070=VERTEX_POINT('',#3608);
#1071=VERTEX_POINT('',#3614);
#1072=VERTEX_POINT('',#3616);
#1073=VERTEX_POINT('',#3618);
#1074=VERTEX_POINT('',#3620);
#1075=VERTEX_POINT('',#3622);
#1076=VERTEX_POINT('',#3624);
#1077=VERTEX_POINT('',#3626);
#1078=VERTEX_POINT('',#3628);
#1079=VERTEX_POINT('',#3632);
#1080=VERTEX_POINT('',#3634);
#1081=VERTEX_POINT('',#3638);
#1082=VERTEX_POINT('',#3640);
#1083=VERTEX_POINT('',#3644);
#1084=VERTEX_POINT('',#3646);
#1085=VERTEX_POINT('',#3654);
#1086=VERTEX_POINT('',#3655);
#1087=VERTEX_POINT('',#3657);
#1088=VERTEX_POINT('',#3659);
#1089=VERTEX_POINT('',#3663);
#1090=VERTEX_POINT('',#3665);
#1091=VERTEX_POINT('',#3667);
#1092=VERTEX_POINT('',#3671);
#1093=VERTEX_POINT('',#3673);
#1094=VERTEX_POINT('',#3677);
#1095=VERTEX_POINT('',#3683);
#1096=VERTEX_POINT('',#3685);
#1097=VERTEX_POINT('',#3687);
#1098=VERTEX_POINT('',#3689);
#1099=VERTEX_POINT('',#3691);
#1100=VERTEX_POINT('',#3693);
#1101=VERTEX_POINT('',#3695);
#1102=VERTEX_POINT('',#3697);
#1103=VERTEX_POINT('',#3701);
#1104=VERTEX_POINT('',#3703);
#1105=VERTEX_POINT('',#3705);
#1106=VERTEX_POINT('',#3709);
#1107=VERTEX_POINT('',#3711);
#1108=VERTEX_POINT('',#3716);
#1109=VERTEX_POINT('',#3725);
#1110=VERTEX_POINT('',#3726);
#1111=VERTEX_POINT('',#3728);
#1112=VERTEX_POINT('',#3730);
#1113=VERTEX_POINT('',#3734);
#1114=VERTEX_POINT('',#3736);
#1115=VERTEX_POINT('',#3740);
#1116=VERTEX_POINT('',#3742);
#1117=VERTEX_POINT('',#3749);
#1118=VERTEX_POINT('',#3751);
#1119=VERTEX_POINT('',#3755);
#1120=VERTEX_POINT('',#3759);
#1121=VERTEX_POINT('',#3760);
#1122=VERTEX_POINT('',#3762);
#1123=VERTEX_POINT('',#3764);
#1124=VERTEX_POINT('',#3776);
#1125=VERTEX_POINT('',#3787);
#1126=VERTEX_POINT('',#3788);
#1127=VERTEX_POINT('',#3790);
#1128=VERTEX_POINT('',#3792);
#1129=VERTEX_POINT('',#3796);
#1130=VERTEX_POINT('',#3798);
#1131=VERTEX_POINT('',#3802);
#1132=VERTEX_POINT('',#3804);
#1133=VERTEX_POINT('',#3812);
#1134=VERTEX_POINT('',#3813);
#1135=VERTEX_POINT('',#3815);
#1136=VERTEX_POINT('',#3817);
#1137=VERTEX_POINT('',#3821);
#1138=VERTEX_POINT('',#3823);
#1139=VERTEX_POINT('',#3827);
#1140=VERTEX_POINT('',#3829);
#1141=VERTEX_POINT('',#3837);
#1142=VERTEX_POINT('',#3838);
#1143=VERTEX_POINT('',#3840);
#1144=VERTEX_POINT('',#3842);
#1145=VERTEX_POINT('',#3846);
#1146=VERTEX_POINT('',#3848);
#1147=VERTEX_POINT('',#3852);
#1148=VERTEX_POINT('',#3853);
#1149=VERTEX_POINT('',#3858);
#1150=VERTEX_POINT('',#3860);
#1151=VERTEX_POINT('',#3864);
#1152=VERTEX_POINT('',#3865);
#1153=VERTEX_POINT('',#3870);
#1154=VERTEX_POINT('',#3872);
#1155=VERTEX_POINT('',#3876);
#1156=VERTEX_POINT('',#3877);
#1157=VERTEX_POINT('',#3879);
#1158=VERTEX_POINT('',#3881);
#1159=VERTEX_POINT('',#3885);
#1160=VERTEX_POINT('',#3887);
#1161=VERTEX_POINT('',#3891);
#1162=VERTEX_POINT('',#3892);
#1163=VERTEX_POINT('',#3897);
#1164=VERTEX_POINT('',#3899);
#1165=VERTEX_POINT('',#3906);
#1166=VERTEX_POINT('',#3908);
#1167=VERTEX_POINT('',#3912);
#1168=VERTEX_POINT('',#3916);
#1169=VERTEX_POINT('',#3918);
#1170=VERTEX_POINT('',#3922);
#1171=VERTEX_POINT('',#3926);
#1172=VERTEX_POINT('',#3928);
#1173=VERTEX_POINT('',#3930);
#1174=VERTEX_POINT('',#3932);
#1175=VERTEX_POINT('',#3934);
#1176=VERTEX_POINT('',#3938);
#1177=VERTEX_POINT('',#3942);
#1178=VERTEX_POINT('',#3946);
#1179=VERTEX_POINT('',#3948);
#1180=VERTEX_POINT('',#3951);
#1181=VERTEX_POINT('',#3955);
#1182=VERTEX_POINT('',#3959);
#1183=VERTEX_POINT('',#3966);
#1184=VERTEX_POINT('',#3968);
#1185=VERTEX_POINT('',#3979);
#1186=VERTEX_POINT('',#3982);
#1187=VERTEX_POINT('',#3984);
#1188=VERTEX_POINT('',#3988);
#1189=VERTEX_POINT('',#3995);
#1190=VERTEX_POINT('',#3996);
#1191=VERTEX_POINT('',#3998);
#1192=VERTEX_POINT('',#4000);
#1193=VERTEX_POINT('',#4004);
#1194=VERTEX_POINT('',#4006);
#1195=VERTEX_POINT('',#4010);
#1196=VERTEX_POINT('',#4012);
#1197=VERTEX_POINT('',#4020);
#1198=VERTEX_POINT('',#4021);
#1199=VERTEX_POINT('',#4023);
#1200=VERTEX_POINT('',#4025);
#1201=VERTEX_POINT('',#4029);
#1202=VERTEX_POINT('',#4031);
#1203=VERTEX_POINT('',#4035);
#1204=VERTEX_POINT('',#4037);
#1205=VERTEX_POINT('',#4045);
#1206=VERTEX_POINT('',#4046);
#1207=VERTEX_POINT('',#4048);
#1208=VERTEX_POINT('',#4050);
#1209=VERTEX_POINT('',#4054);
#1210=VERTEX_POINT('',#4056);
#1211=VERTEX_POINT('',#4060);
#1212=VERTEX_POINT('',#4061);
#1213=VERTEX_POINT('',#4066);
#1214=VERTEX_POINT('',#4068);
#1215=VERTEX_POINT('',#4072);
#1216=VERTEX_POINT('',#4073);
#1217=VERTEX_POINT('',#4078);
#1218=VERTEX_POINT('',#4080);
#1219=VERTEX_POINT('',#4084);
#1220=VERTEX_POINT('',#4085);
#1221=VERTEX_POINT('',#4087);
#1222=VERTEX_POINT('',#4089);
#1223=VERTEX_POINT('',#4093);
#1224=VERTEX_POINT('',#4095);
#1225=VERTEX_POINT('',#4099);
#1226=VERTEX_POINT('',#4100);
#1227=VERTEX_POINT('',#4105);
#1228=VERTEX_POINT('',#4107);
#1229=VERTEX_POINT('',#4114);
#1230=VERTEX_POINT('',#4116);
#1231=VERTEX_POINT('',#4120);
#1232=VERTEX_POINT('',#4124);
#1233=VERTEX_POINT('',#4126);
#1234=VERTEX_POINT('',#4130);
#1235=VERTEX_POINT('',#4134);
#1236=VERTEX_POINT('',#4136);
#1237=VERTEX_POINT('',#4138);
#1238=VERTEX_POINT('',#4140);
#1239=VERTEX_POINT('',#4142);
#1240=VERTEX_POINT('',#4146);
#1241=VERTEX_POINT('',#4150);
#1242=VERTEX_POINT('',#4154);
#1243=VERTEX_POINT('',#4157);
#1244=VERTEX_POINT('',#4159);
#1245=VERTEX_POINT('',#4163);
#1246=VERTEX_POINT('',#4168);
#1247=VERTEX_POINT('',#4174);
#1248=VERTEX_POINT('',#4176);
#1249=VERTEX_POINT('',#4187);
#1250=VERTEX_POINT('',#4190);
#1251=VERTEX_POINT('',#4192);
#1252=VERTEX_POINT('',#4196);
#1253=EDGE_CURVE('',#1029,#1030,#413,.T.);
#1254=EDGE_CURVE('',#1029,#1031,#414,.T.);
#1255=EDGE_CURVE('',#1032,#1031,#415,.T.);
#1256=EDGE_CURVE('',#1030,#1032,#416,.T.);
#1257=EDGE_CURVE('',#1030,#1033,#417,.T.);
#1258=EDGE_CURVE('',#1034,#1032,#418,.T.);
#1259=EDGE_CURVE('',#1033,#1034,#419,.T.);
#1260=EDGE_CURVE('',#1033,#1035,#420,.T.);
#1261=EDGE_CURVE('',#1036,#1034,#421,.T.);
#1262=EDGE_CURVE('',#1035,#1036,#422,.T.);
#1263=EDGE_CURVE('',#1035,#1029,#423,.T.);
#1264=EDGE_CURVE('',#1031,#1036,#424,.T.);
#1265=EDGE_CURVE('',#1037,#1038,#425,.T.);
#1266=EDGE_CURVE('',#1038,#1039,#426,.T.);
#1267=EDGE_CURVE('',#1039,#1040,#427,.T.);
#1268=EDGE_CURVE('',#1037,#1040,#428,.T.);
#1269=EDGE_CURVE('',#1038,#1041,#429,.T.);
#1270=EDGE_CURVE('',#1041,#1042,#430,.T.);
#1271=EDGE_CURVE('',#1042,#1039,#431,.T.);
#1272=EDGE_CURVE('',#1041,#1043,#432,.T.);
#1273=EDGE_CURVE('',#1043,#1044,#433,.T.);
#1274=EDGE_CURVE('',#1044,#1042,#434,.T.);
#1275=EDGE_CURVE('',#1043,#1037,#435,.T.);
#1276=EDGE_CURVE('',#1040,#1044,#436,.T.);
#1277=EDGE_CURVE('',#1045,#1046,#437,.T.);
#1278=EDGE_CURVE('',#1046,#1047,#438,.T.);
#1279=EDGE_CURVE('',#1047,#1048,#439,.T.);
#1280=EDGE_CURVE('',#1045,#1048,#440,.T.);
#1281=EDGE_CURVE('',#1046,#1049,#441,.T.);
#1282=EDGE_CURVE('',#1049,#1050,#442,.T.);
#1283=EDGE_CURVE('',#1050,#1047,#443,.T.);
#1284=EDGE_CURVE('',#1049,#1051,#444,.T.);
#1285=EDGE_CURVE('',#1051,#1052,#445,.T.);
#1286=EDGE_CURVE('',#1052,#1050,#446,.T.);
#1287=EDGE_CURVE('',#1051,#1045,#447,.T.);
#1288=EDGE_CURVE('',#1048,#1052,#448,.T.);
#1289=EDGE_CURVE('',#1053,#1054,#449,.T.);
#1290=EDGE_CURVE('',#1053,#1055,#450,.T.);
#1291=EDGE_CURVE('',#1056,#1055,#451,.T.);
#1292=EDGE_CURVE('',#1054,#1056,#452,.T.);
#1293=EDGE_CURVE('',#1054,#1057,#453,.T.);
#1294=EDGE_CURVE('',#1058,#1056,#454,.T.);
#1295=EDGE_CURVE('',#1057,#1058,#455,.T.);
#1296=EDGE_CURVE('',#1057,#1059,#456,.T.);
#1297=EDGE_CURVE('',#1060,#1058,#457,.T.);
#1298=EDGE_CURVE('',#1059,#1060,#458,.T.);
#1299=EDGE_CURVE('',#1059,#1053,#459,.T.);
#1300=EDGE_CURVE('',#1055,#1060,#460,.T.);
#1301=EDGE_CURVE('',#1061,#1062,#461,.T.);
#1302=EDGE_CURVE('',#1061,#1063,#462,.T.);
#1303=EDGE_CURVE('',#1063,#1064,#463,.T.);
#1304=EDGE_CURVE('',#1065,#1064,#464,.T.);
#1305=EDGE_CURVE('',#1062,#1065,#465,.T.);
#1306=EDGE_CURVE('',#1065,#1066,#89,.T.);
#1307=EDGE_CURVE('',#1064,#1067,#466,.T.);
#1308=EDGE_CURVE('',#1066,#1067,#467,.T.);
#1309=EDGE_CURVE('',#1068,#1061,#468,.T.);
#1310=EDGE_CURVE('',#1068,#1069,#469,.T.);
#1311=EDGE_CURVE('',#1069,#1063,#470,.T.);
#1312=EDGE_CURVE('',#1070,#1068,#471,.T.);
#1313=EDGE_CURVE('',#1066,#1070,#472,.T.);
#1314=EDGE_CURVE('',#1067,#1069,#473,.T.);
#1315=EDGE_CURVE('',#1071,#1070,#35,.T.);
#1316=EDGE_CURVE('',#1071,#1072,#474,.T.);
#1317=EDGE_CURVE('',#1072,#1073,#90,.T.);
#1318=EDGE_CURVE('',#1073,#1074,#475,.T.);
#1319=EDGE_CURVE('',#1075,#1074,#36,.T.);
#1320=EDGE_CURVE('',#1075,#1076,#476,.T.);
#1321=EDGE_CURVE('',#1077,#1076,#37,.T.);
#1322=EDGE_CURVE('',#1078,#1077,#477,.T.);
#1323=EDGE_CURVE('',#1062,#1078,#38,.T.);
#1324=EDGE_CURVE('',#1072,#1079,#478,.T.);
#1325=EDGE_CURVE('',#1080,#1079,#479,.T.);
#1326=EDGE_CURVE('',#1073,#1080,#480,.T.);
#1327=EDGE_CURVE('',#1081,#1080,#481,.T.);
#1328=EDGE_CURVE('',#1082,#1081,#482,.T.);
#1329=EDGE_CURVE('',#1074,#1082,#483,.T.);
#1330=EDGE_CURVE('',#1082,#1083,#484,.T.);
#1331=EDGE_CURVE('',#1084,#1081,#485,.T.);
#1332=EDGE_CURVE('',#1083,#1084,#486,.T.);
#1333=EDGE_CURVE('',#1083,#1071,#487,.T.);
#1334=EDGE_CURVE('',#1079,#1084,#488,.T.);
#1335=EDGE_CURVE('',#1085,#1086,#91,.T.);
#1336=EDGE_CURVE('',#1085,#1087,#489,.T.);
#1337=EDGE_CURVE('',#1088,#1087,#490,.T.);
#1338=EDGE_CURVE('',#1086,#1088,#491,.T.);
#1339=EDGE_CURVE('',#1086,#1089,#492,.T.);
#1340=EDGE_CURVE('',#1090,#1088,#493,.T.);
#1341=EDGE_CURVE('',#1091,#1090,#494,.T.);
#1342=EDGE_CURVE('',#1089,#1091,#495,.T.);
#1343=EDGE_CURVE('',#1091,#1092,#496,.T.);
#1344=EDGE_CURVE('',#1093,#1090,#497,.T.);
#1345=EDGE_CURVE('',#1092,#1093,#498,.T.);
#1346=EDGE_CURVE('',#1094,#1085,#499,.T.);
#1347=EDGE_CURVE('',#1092,#1094,#500,.T.);
#1348=EDGE_CURVE('',#1087,#1093,#501,.T.);
#1349=EDGE_CURVE('',#1095,#1089,#39,.T.);
#1350=EDGE_CURVE('',#1095,#1096,#502,.T.);
#1351=EDGE_CURVE('',#1097,#1096,#40,.T.);
#1352=EDGE_CURVE('',#1097,#1098,#503,.T.);
#1353=EDGE_CURVE('',#1099,#1098,#41,.T.);
#1354=EDGE_CURVE('',#1099,#1100,#504,.T.);
#1355=EDGE_CURVE('',#1100,#1101,#92,.T.);
#1356=EDGE_CURVE('',#1101,#1102,#505,.T.);
#1357=EDGE_CURVE('',#1094,#1102,#42,.T.);
#1358=EDGE_CURVE('',#1101,#1103,#506,.T.);
#1359=EDGE_CURVE('',#1103,#1104,#507,.T.);
#1360=EDGE_CURVE('',#1105,#1104,#508,.T.);
#1361=EDGE_CURVE('',#1102,#1105,#509,.T.);
#1362=EDGE_CURVE('',#1105,#1106,#510,.T.);
#1363=EDGE_CURVE('',#1104,#1107,#511,.T.);
#1364=EDGE_CURVE('',#1106,#1107,#512,.T.);
#1365=EDGE_CURVE('',#1106,#1099,#513,.T.);
#1366=EDGE_CURVE('',#1107,#1108,#514,.T.);
#1367=EDGE_CURVE('',#1100,#1108,#515,.T.);
#1368=EDGE_CURVE('',#1108,#1103,#516,.T.);
#1369=EDGE_CURVE('',#1098,#1095,#517,.T.);
#1370=EDGE_CURVE('',#1109,#1110,#518,.T.);
#1371=EDGE_CURVE('',#1110,#1111,#519,.T.);
#1372=EDGE_CURVE('',#1111,#1112,#520,.T.);
#1373=EDGE_CURVE('',#1112,#1109,#521,.T.);
#1374=EDGE_CURVE('',#1112,#1113,#522,.T.);
#1375=EDGE_CURVE('',#1113,#1114,#523,.T.);
#1376=EDGE_CURVE('',#1114,#1109,#524,.T.);
#1377=EDGE_CURVE('',#1115,#1114,#525,.T.);
#1378=EDGE_CURVE('',#1113,#1116,#526,.T.);
#1379=EDGE_CURVE('',#1116,#1115,#527,.T.);
#1380=EDGE_CURVE('',#1110,#1115,#528,.T.);
#1381=EDGE_CURVE('',#1116,#1111,#529,.T.);
#1382=EDGE_CURVE('',#1110,#1117,#530,.T.);
#1383=EDGE_CURVE('',#1118,#1117,#531,.T.);
#1384=EDGE_CURVE('',#1115,#1118,#532,.T.);
#1385=EDGE_CURVE('',#1109,#1119,#533,.T.);
#1386=EDGE_CURVE('',#1117,#1119,#534,.T.);
#1387=EDGE_CURVE('',#1120,#1121,#535,.T.);
#1388=EDGE_CURVE('',#1120,#1122,#536,.T.);
#1389=EDGE_CURVE('',#1123,#1122,#537,.T.);
#1390=EDGE_CURVE('',#1121,#1123,#538,.T.);
#1391=EDGE_CURVE('',#1098,#1120,#539,.T.);
#1392=EDGE_CURVE('',#1095,#1121,#540,.F.);
#1393=EDGE_CURVE('',#1078,#1123,#541,.T.);
#1394=EDGE_CURVE('',#1075,#1122,#542,.F.);
#1395=EDGE_CURVE('',#1078,#1075,#543,.T.);
#1396=EDGE_CURVE('',#1124,#1118,#544,.T.);
#1397=EDGE_CURVE('',#1114,#1124,#545,.T.);
#1398=EDGE_CURVE('',#1119,#1124,#546,.T.);
#1399=EDGE_CURVE('',#1076,#1097,#547,.T.);
#1400=EDGE_CURVE('',#1096,#1077,#548,.T.);
#1401=EDGE_CURVE('',#1125,#1126,#549,.T.);
#1402=EDGE_CURVE('',#1127,#1125,#550,.T.);
#1403=EDGE_CURVE('',#1128,#1127,#551,.T.);
#1404=EDGE_CURVE('',#1128,#1126,#552,.T.);
#1405=EDGE_CURVE('',#1126,#1129,#553,.T.);
#1406=EDGE_CURVE('',#1130,#1128,#554,.T.);
#1407=EDGE_CURVE('',#1130,#1129,#555,.T.);
#1408=EDGE_CURVE('',#1129,#1131,#556,.T.);
#1409=EDGE_CURVE('',#1132,#1130,#557,.T.);
#1410=EDGE_CURVE('',#1132,#1131,#558,.T.);
#1411=EDGE_CURVE('',#1131,#1125,#559,.T.);
#1412=EDGE_CURVE('',#1127,#1132,#560,.T.);
#1413=EDGE_CURVE('',#1133,#1134,#561,.T.);
#1414=EDGE_CURVE('',#1135,#1133,#562,.T.);
#1415=EDGE_CURVE('',#1135,#1136,#563,.T.);
#1416=EDGE_CURVE('',#1136,#1134,#564,.T.);
#1417=EDGE_CURVE('',#1134,#1137,#565,.T.);
#1418=EDGE_CURVE('',#1136,#1138,#566,.T.);
#1419=EDGE_CURVE('',#1138,#1137,#567,.T.);
#1420=EDGE_CURVE('',#1137,#1139,#568,.T.);
#1421=EDGE_CURVE('',#1138,#1140,#569,.T.);
#1422=EDGE_CURVE('',#1140,#1139,#570,.T.);
#1423=EDGE_CURVE('',#1139,#1133,#571,.T.);
#1424=EDGE_CURVE('',#1140,#1135,#572,.T.);
#1425=EDGE_CURVE('',#1141,#1142,#573,.T.);
#1426=EDGE_CURVE('',#1142,#1143,#574,.T.);
#1427=EDGE_CURVE('',#1143,#1144,#575,.T.);
#1428=EDGE_CURVE('',#1144,#1141,#576,.T.);
#1429=EDGE_CURVE('',#1142,#1145,#43,.T.);
#1430=EDGE_CURVE('',#1145,#1146,#577,.T.);
#1431=EDGE_CURVE('',#1146,#1143,#44,.T.);
#1432=EDGE_CURVE('',#1147,#1148,#578,.T.);
#1433=EDGE_CURVE('',#1148,#1146,#579,.T.);
#1434=EDGE_CURVE('',#1145,#1147,#580,.T.);
#1435=EDGE_CURVE('',#1147,#1149,#45,.T.);
#1436=EDGE_CURVE('',#1149,#1150,#581,.T.);
#1437=EDGE_CURVE('',#1150,#1148,#46,.T.);
#1438=EDGE_CURVE('',#1151,#1152,#582,.T.);
#1439=EDGE_CURVE('',#1152,#1150,#583,.T.);
#1440=EDGE_CURVE('',#1149,#1151,#584,.T.);
#1441=EDGE_CURVE('',#1153,#1141,#585,.T.);
#1442=EDGE_CURVE('',#1144,#1154,#586,.T.);
#1443=EDGE_CURVE('',#1154,#1153,#587,.T.);
#1444=EDGE_CURVE('',#1155,#1156,#588,.T.);
#1445=EDGE_CURVE('',#1156,#1157,#589,.T.);
#1446=EDGE_CURVE('',#1157,#1158,#590,.T.);
#1447=EDGE_CURVE('',#1158,#1155,#591,.T.);
#1448=EDGE_CURVE('',#1157,#1159,#47,.T.);
#1449=EDGE_CURVE('',#1159,#1160,#592,.T.);
#1450=EDGE_CURVE('',#1160,#1158,#48,.T.);
#1451=EDGE_CURVE('',#1161,#1162,#593,.T.);
#1452=EDGE_CURVE('',#1162,#1160,#594,.T.);
#1453=EDGE_CURVE('',#1159,#1161,#595,.T.);
#1454=EDGE_CURVE('',#1161,#1163,#49,.T.);
#1455=EDGE_CURVE('',#1163,#1164,#596,.T.);
#1456=EDGE_CURVE('',#1164,#1162,#50,.T.);
#1457=EDGE_CURVE('',#1154,#1164,#597,.T.);
#1458=EDGE_CURVE('',#1163,#1153,#598,.T.);
#1459=EDGE_CURVE('',#1165,#1149,#599,.T.);
#1460=EDGE_CURVE('',#1166,#1165,#600,.T.);
#1461=EDGE_CURVE('',#1151,#1166,#601,.T.);
#1462=EDGE_CURVE('',#1147,#1167,#602,.T.);
#1463=EDGE_CURVE('',#1167,#1165,#51,.T.);
#1464=EDGE_CURVE('',#1142,#1168,#603,.T.);
#1465=EDGE_CURVE('',#1168,#1169,#52,.F.);
#1466=EDGE_CURVE('',#1169,#1145,#604,.T.);
#1467=EDGE_CURVE('',#1170,#1141,#605,.T.);
#1468=EDGE_CURVE('',#1168,#1170,#606,.T.);
#1469=EDGE_CURVE('',#1171,#1153,#607,.T.);
#1470=EDGE_CURVE('',#1172,#1171,#608,.T.);
#1471=EDGE_CURVE('',#1172,#1173,#609,.T.);
#1472=EDGE_CURVE('',#1173,#1174,#610,.T.);
#1473=EDGE_CURVE('',#1174,#1175,#611,.T.);
#1474=EDGE_CURVE('',#1170,#1175,#612,.T.);
#1475=EDGE_CURVE('',#1176,#1163,#613,.T.);
#1476=EDGE_CURVE('',#1171,#1176,#614,.T.);
#1477=EDGE_CURVE('',#1161,#1177,#615,.T.);
#1478=EDGE_CURVE('',#1177,#1176,#53,.F.);
#1479=EDGE_CURVE('',#1178,#1169,#616,.T.);
#1480=EDGE_CURVE('',#1179,#1178,#617,.T.);
#1481=EDGE_CURVE('',#1177,#1179,#618,.T.);
#1482=EDGE_CURVE('',#1180,#1159,#619,.T.);
#1483=EDGE_CURVE('',#1167,#1180,#620,.T.);
#1484=EDGE_CURVE('',#1157,#1181,#621,.T.);
#1485=EDGE_CURVE('',#1181,#1180,#54,.T.);
#1486=EDGE_CURVE('',#1182,#1166,#622,.T.);
#1487=EDGE_CURVE('',#1182,#1156,#623,.T.);
#1488=EDGE_CURVE('',#1152,#1155,#624,.T.);
#1489=EDGE_CURVE('',#1181,#1182,#625,.T.);
#1490=EDGE_CURVE('',#1178,#1183,#626,.T.);
#1491=EDGE_CURVE('',#1183,#1184,#627,.T.);
#1492=EDGE_CURVE('',#1184,#1179,#628,.T.);
#1493=EDGE_CURVE('',#1173,#1184,#629,.T.);
#1494=EDGE_CURVE('',#1179,#1172,#630,.T.);
#1495=EDGE_CURVE('',#1175,#1178,#631,.T.);
#1496=EDGE_CURVE('',#1183,#1174,#632,.T.);
#1497=EDGE_CURVE('',#1185,#1185,#55,.T.);
#1498=EDGE_CURVE('',#1186,#1186,#56,.T.);
#1499=EDGE_CURVE('',#1187,#1187,#57,.T.);
#1500=EDGE_CURVE('',#1188,#1188,#58,.T.);
#1501=EDGE_CURVE('',#1187,#1185,#633,.T.);
#1502=EDGE_CURVE('',#1186,#1188,#634,.T.);
#1503=EDGE_CURVE('',#1189,#1190,#635,.T.);
#1504=EDGE_CURVE('',#1191,#1190,#636,.T.);
#1505=EDGE_CURVE('',#1191,#1192,#637,.T.);
#1506=EDGE_CURVE('',#1192,#1189,#638,.T.);
#1507=EDGE_CURVE('',#1190,#1193,#639,.T.);
#1508=EDGE_CURVE('',#1194,#1193,#640,.T.);
#1509=EDGE_CURVE('',#1194,#1191,#641,.T.);
#1510=EDGE_CURVE('',#1193,#1195,#642,.T.);
#1511=EDGE_CURVE('',#1196,#1195,#643,.T.);
#1512=EDGE_CURVE('',#1196,#1194,#644,.T.);
#1513=EDGE_CURVE('',#1195,#1189,#645,.T.);
#1514=EDGE_CURVE('',#1192,#1196,#646,.T.);
#1515=EDGE_CURVE('',#1197,#1198,#647,.T.);
#1516=EDGE_CURVE('',#1199,#1198,#648,.T.);
#1517=EDGE_CURVE('',#1200,#1199,#649,.T.);
#1518=EDGE_CURVE('',#1200,#1197,#650,.T.);
#1519=EDGE_CURVE('',#1198,#1201,#651,.T.);
#1520=EDGE_CURVE('',#1202,#1201,#652,.T.);
#1521=EDGE_CURVE('',#1199,#1202,#653,.T.);
#1522=EDGE_CURVE('',#1201,#1203,#654,.T.);
#1523=EDGE_CURVE('',#1204,#1203,#655,.T.);
#1524=EDGE_CURVE('',#1202,#1204,#656,.T.);
#1525=EDGE_CURVE('',#1203,#1197,#657,.T.);
#1526=EDGE_CURVE('',#1204,#1200,#658,.T.);
#1527=EDGE_CURVE('',#1205,#1206,#659,.T.);
#1528=EDGE_CURVE('',#1207,#1205,#660,.T.);
#1529=EDGE_CURVE('',#1208,#1207,#661,.T.);
#1530=EDGE_CURVE('',#1206,#1208,#662,.T.);
#1531=EDGE_CURVE('',#1209,#1208,#59,.T.);
#1532=EDGE_CURVE('',#1210,#1209,#663,.T.);
#1533=EDGE_CURVE('',#1206,#1210,#60,.T.);
#1534=EDGE_CURVE('',#1211,#1212,#664,.T.);
#1535=EDGE_CURVE('',#1210,#1211,#665,.T.);
#1536=EDGE_CURVE('',#1212,#1209,#666,.T.);
#1537=EDGE_CURVE('',#1213,#1212,#61,.T.);
#1538=EDGE_CURVE('',#1214,#1213,#667,.T.);
#1539=EDGE_CURVE('',#1211,#1214,#62,.T.);
#1540=EDGE_CURVE('',#1215,#1216,#668,.T.);
#1541=EDGE_CURVE('',#1214,#1215,#669,.T.);
#1542=EDGE_CURVE('',#1216,#1213,#670,.T.);
#1543=EDGE_CURVE('',#1217,#1205,#671,.T.);
#1544=EDGE_CURVE('',#1218,#1217,#672,.T.);
#1545=EDGE_CURVE('',#1207,#1218,#673,.T.);
#1546=EDGE_CURVE('',#1219,#1220,#674,.T.);
#1547=EDGE_CURVE('',#1221,#1219,#675,.T.);
#1548=EDGE_CURVE('',#1222,#1221,#676,.T.);
#1549=EDGE_CURVE('',#1220,#1222,#677,.T.);
#1550=EDGE_CURVE('',#1223,#1221,#63,.T.);
#1551=EDGE_CURVE('',#1224,#1223,#678,.T.);
#1552=EDGE_CURVE('',#1222,#1224,#64,.T.);
#1553=EDGE_CURVE('',#1225,#1226,#679,.T.);
#1554=EDGE_CURVE('',#1224,#1225,#680,.T.);
#1555=EDGE_CURVE('',#1226,#1223,#681,.T.);
#1556=EDGE_CURVE('',#1227,#1226,#65,.T.);
#1557=EDGE_CURVE('',#1228,#1227,#682,.T.);
#1558=EDGE_CURVE('',#1225,#1228,#66,.T.);
#1559=EDGE_CURVE('',#1218,#1227,#683,.T.);
#1560=EDGE_CURVE('',#1228,#1217,#684,.T.);
#1561=EDGE_CURVE('',#1215,#1229,#685,.T.);
#1562=EDGE_CURVE('',#1229,#1230,#686,.T.);
#1563=EDGE_CURVE('',#1230,#1214,#687,.T.);
#1564=EDGE_CURVE('',#1231,#1230,#67,.T.);
#1565=EDGE_CURVE('',#1211,#1231,#688,.T.);
#1566=EDGE_CURVE('',#1232,#1210,#689,.T.);
#1567=EDGE_CURVE('',#1233,#1232,#68,.F.);
#1568=EDGE_CURVE('',#1206,#1233,#690,.T.);
#1569=EDGE_CURVE('',#1233,#1234,#691,.T.);
#1570=EDGE_CURVE('',#1234,#1205,#692,.T.);
#1571=EDGE_CURVE('',#1234,#1235,#693,.T.);
#1572=EDGE_CURVE('',#1236,#1235,#694,.T.);
#1573=EDGE_CURVE('',#1237,#1236,#695,.T.);
#1574=EDGE_CURVE('',#1238,#1237,#696,.T.);
#1575=EDGE_CURVE('',#1238,#1239,#697,.T.);
#1576=EDGE_CURVE('',#1239,#1217,#698,.T.);
#1577=EDGE_CURVE('',#1239,#1240,#699,.T.);
#1578=EDGE_CURVE('',#1240,#1228,#700,.T.);
#1579=EDGE_CURVE('',#1241,#1240,#69,.F.);
#1580=EDGE_CURVE('',#1225,#1241,#701,.T.);
#1581=EDGE_CURVE('',#1231,#1242,#702,.T.);
#1582=EDGE_CURVE('',#1242,#1224,#703,.T.);
#1583=EDGE_CURVE('',#1241,#1243,#704,.T.);
#1584=EDGE_CURVE('',#1243,#1244,#705,.T.);
#1585=EDGE_CURVE('',#1244,#1232,#706,.T.);
#1586=EDGE_CURVE('',#1245,#1242,#70,.T.);
#1587=EDGE_CURVE('',#1222,#1245,#707,.T.);
#1588=EDGE_CURVE('',#1216,#1219,#708,.T.);
#1589=EDGE_CURVE('',#1246,#1220,#709,.T.);
#1590=EDGE_CURVE('',#1246,#1229,#710,.T.);
#1591=EDGE_CURVE('',#1245,#1246,#711,.T.);
#1592=EDGE_CURVE('',#1244,#1247,#712,.T.);
#1593=EDGE_CURVE('',#1248,#1243,#713,.T.);
#1594=EDGE_CURVE('',#1247,#1248,#714,.T.);
#1595=EDGE_CURVE('',#1243,#1238,#715,.T.);
#1596=EDGE_CURVE('',#1237,#1248,#716,.T.);
#1597=EDGE_CURVE('',#1247,#1236,#717,.T.);
#1598=EDGE_CURVE('',#1235,#1244,#718,.T.);
#1599=EDGE_CURVE('',#1249,#1249,#71,.T.);
#1600=EDGE_CURVE('',#1250,#1250,#72,.T.);
#1601=EDGE_CURVE('',#1251,#1251,#73,.T.);
#1602=EDGE_CURVE('',#1252,#1252,#74,.T.);
#1603=EDGE_CURVE('',#1251,#1249,#719,.T.);
#1604=EDGE_CURVE('',#1250,#1252,#720,.T.);
#1605=ORIENTED_EDGE('',*,*,#1253,.F.);
#1606=ORIENTED_EDGE('',*,*,#1254,.T.);
#1607=ORIENTED_EDGE('',*,*,#1255,.F.);
#1608=ORIENTED_EDGE('',*,*,#1256,.F.);
#1609=ORIENTED_EDGE('',*,*,#1257,.F.);
#1610=ORIENTED_EDGE('',*,*,#1256,.T.);
#1611=ORIENTED_EDGE('',*,*,#1258,.F.);
#1612=ORIENTED_EDGE('',*,*,#1259,.F.);
#1613=ORIENTED_EDGE('',*,*,#1260,.F.);
#1614=ORIENTED_EDGE('',*,*,#1259,.T.);
#1615=ORIENTED_EDGE('',*,*,#1261,.F.);
#1616=ORIENTED_EDGE('',*,*,#1262,.F.);
#1617=ORIENTED_EDGE('',*,*,#1263,.F.);
#1618=ORIENTED_EDGE('',*,*,#1262,.T.);
#1619=ORIENTED_EDGE('',*,*,#1264,.F.);
#1620=ORIENTED_EDGE('',*,*,#1254,.F.);
#1621=ORIENTED_EDGE('',*,*,#1264,.T.);
#1622=ORIENTED_EDGE('',*,*,#1261,.T.);
#1623=ORIENTED_EDGE('',*,*,#1258,.T.);
#1624=ORIENTED_EDGE('',*,*,#1255,.T.);
#1625=ORIENTED_EDGE('',*,*,#1263,.T.);
#1626=ORIENTED_EDGE('',*,*,#1253,.T.);
#1627=ORIENTED_EDGE('',*,*,#1257,.T.);
#1628=ORIENTED_EDGE('',*,*,#1260,.T.);
#1629=ORIENTED_EDGE('',*,*,#1265,.T.);
#1630=ORIENTED_EDGE('',*,*,#1266,.T.);
#1631=ORIENTED_EDGE('',*,*,#1267,.T.);
#1632=ORIENTED_EDGE('',*,*,#1268,.F.);
#1633=ORIENTED_EDGE('',*,*,#1269,.T.);
#1634=ORIENTED_EDGE('',*,*,#1270,.T.);
#1635=ORIENTED_EDGE('',*,*,#1271,.T.);
#1636=ORIENTED_EDGE('',*,*,#1266,.F.);
#1637=ORIENTED_EDGE('',*,*,#1272,.T.);
#1638=ORIENTED_EDGE('',*,*,#1273,.T.);
#1639=ORIENTED_EDGE('',*,*,#1274,.T.);
#1640=ORIENTED_EDGE('',*,*,#1270,.F.);
#1641=ORIENTED_EDGE('',*,*,#1275,.T.);
#1642=ORIENTED_EDGE('',*,*,#1268,.T.);
#1643=ORIENTED_EDGE('',*,*,#1276,.T.);
#1644=ORIENTED_EDGE('',*,*,#1273,.F.);
#1645=ORIENTED_EDGE('',*,*,#1276,.F.);
#1646=ORIENTED_EDGE('',*,*,#1267,.F.);
#1647=ORIENTED_EDGE('',*,*,#1271,.F.);
#1648=ORIENTED_EDGE('',*,*,#1274,.F.);
#1649=ORIENTED_EDGE('',*,*,#1275,.F.);
#1650=ORIENTED_EDGE('',*,*,#1272,.F.);
#1651=ORIENTED_EDGE('',*,*,#1269,.F.);
#1652=ORIENTED_EDGE('',*,*,#1265,.F.);
#1653=ORIENTED_EDGE('',*,*,#1277,.T.);
#1654=ORIENTED_EDGE('',*,*,#1278,.T.);
#1655=ORIENTED_EDGE('',*,*,#1279,.T.);
#1656=ORIENTED_EDGE('',*,*,#1280,.F.);
#1657=ORIENTED_EDGE('',*,*,#1281,.T.);
#1658=ORIENTED_EDGE('',*,*,#1282,.T.);
#1659=ORIENTED_EDGE('',*,*,#1283,.T.);
#1660=ORIENTED_EDGE('',*,*,#1278,.F.);
#1661=ORIENTED_EDGE('',*,*,#1284,.T.);
#1662=ORIENTED_EDGE('',*,*,#1285,.T.);
#1663=ORIENTED_EDGE('',*,*,#1286,.T.);
#1664=ORIENTED_EDGE('',*,*,#1282,.F.);
#1665=ORIENTED_EDGE('',*,*,#1287,.T.);
#1666=ORIENTED_EDGE('',*,*,#1280,.T.);
#1667=ORIENTED_EDGE('',*,*,#1288,.T.);
#1668=ORIENTED_EDGE('',*,*,#1285,.F.);
#1669=ORIENTED_EDGE('',*,*,#1288,.F.);
#1670=ORIENTED_EDGE('',*,*,#1279,.F.);
#1671=ORIENTED_EDGE('',*,*,#1283,.F.);
#1672=ORIENTED_EDGE('',*,*,#1286,.F.);
#1673=ORIENTED_EDGE('',*,*,#1287,.F.);
#1674=ORIENTED_EDGE('',*,*,#1284,.F.);
#1675=ORIENTED_EDGE('',*,*,#1281,.F.);
#1676=ORIENTED_EDGE('',*,*,#1277,.F.);
#1677=ORIENTED_EDGE('',*,*,#1289,.F.);
#1678=ORIENTED_EDGE('',*,*,#1290,.T.);
#1679=ORIENTED_EDGE('',*,*,#1291,.F.);
#1680=ORIENTED_EDGE('',*,*,#1292,.F.);
#1681=ORIENTED_EDGE('',*,*,#1293,.F.);
#1682=ORIENTED_EDGE('',*,*,#1292,.T.);
#1683=ORIENTED_EDGE('',*,*,#1294,.F.);
#1684=ORIENTED_EDGE('',*,*,#1295,.F.);
#1685=ORIENTED_EDGE('',*,*,#1296,.F.);
#1686=ORIENTED_EDGE('',*,*,#1295,.T.);
#1687=ORIENTED_EDGE('',*,*,#1297,.F.);
#1688=ORIENTED_EDGE('',*,*,#1298,.F.);
#1689=ORIENTED_EDGE('',*,*,#1299,.F.);
#1690=ORIENTED_EDGE('',*,*,#1298,.T.);
#1691=ORIENTED_EDGE('',*,*,#1300,.F.);
#1692=ORIENTED_EDGE('',*,*,#1290,.F.);
#1693=ORIENTED_EDGE('',*,*,#1300,.T.);
#1694=ORIENTED_EDGE('',*,*,#1297,.T.);
#1695=ORIENTED_EDGE('',*,*,#1294,.T.);
#1696=ORIENTED_EDGE('',*,*,#1291,.T.);
#1697=ORIENTED_EDGE('',*,*,#1299,.T.);
#1698=ORIENTED_EDGE('',*,*,#1289,.T.);
#1699=ORIENTED_EDGE('',*,*,#1293,.T.);
#1700=ORIENTED_EDGE('',*,*,#1296,.T.);
#1701=ORIENTED_EDGE('',*,*,#1301,.F.);
#1702=ORIENTED_EDGE('',*,*,#1302,.T.);
#1703=ORIENTED_EDGE('',*,*,#1303,.T.);
#1704=ORIENTED_EDGE('',*,*,#1304,.F.);
#1705=ORIENTED_EDGE('',*,*,#1305,.F.);
#1706=ORIENTED_EDGE('',*,*,#1306,.F.);
#1707=ORIENTED_EDGE('',*,*,#1304,.T.);
#1708=ORIENTED_EDGE('',*,*,#1307,.T.);
#1709=ORIENTED_EDGE('',*,*,#1308,.F.);
#1710=ORIENTED_EDGE('',*,*,#1309,.F.);
#1711=ORIENTED_EDGE('',*,*,#1310,.T.);
#1712=ORIENTED_EDGE('',*,*,#1311,.T.);
#1713=ORIENTED_EDGE('',*,*,#1302,.F.);
#1714=ORIENTED_EDGE('',*,*,#1312,.F.);
#1715=ORIENTED_EDGE('',*,*,#1313,.F.);
#1716=ORIENTED_EDGE('',*,*,#1308,.T.);
#1717=ORIENTED_EDGE('',*,*,#1314,.T.);
#1718=ORIENTED_EDGE('',*,*,#1310,.F.);
#1719=ORIENTED_EDGE('',*,*,#1307,.F.);
#1720=ORIENTED_EDGE('',*,*,#1303,.F.);
#1721=ORIENTED_EDGE('',*,*,#1311,.F.);
#1722=ORIENTED_EDGE('',*,*,#1314,.F.);
#1723=ORIENTED_EDGE('',*,*,#1305,.T.);
#1724=ORIENTED_EDGE('',*,*,#1306,.T.);
#1725=ORIENTED_EDGE('',*,*,#1313,.T.);
#1726=ORIENTED_EDGE('',*,*,#1315,.F.);
#1727=ORIENTED_EDGE('',*,*,#1316,.T.);
#1728=ORIENTED_EDGE('',*,*,#1317,.T.);
#1729=ORIENTED_EDGE('',*,*,#1318,.T.);
#1730=ORIENTED_EDGE('',*,*,#1319,.F.);
#1731=ORIENTED_EDGE('',*,*,#1320,.T.);
#1732=ORIENTED_EDGE('',*,*,#1321,.F.);
#1733=ORIENTED_EDGE('',*,*,#1322,.F.);
#1734=ORIENTED_EDGE('',*,*,#1323,.F.);
#1735=ORIENTED_EDGE('',*,*,#1317,.F.);
#1736=ORIENTED_EDGE('',*,*,#1324,.T.);
#1737=ORIENTED_EDGE('',*,*,#1325,.F.);
#1738=ORIENTED_EDGE('',*,*,#1326,.F.);
#1739=ORIENTED_EDGE('',*,*,#1318,.F.);
#1740=ORIENTED_EDGE('',*,*,#1326,.T.);
#1741=ORIENTED_EDGE('',*,*,#1327,.F.);
#1742=ORIENTED_EDGE('',*,*,#1328,.F.);
#1743=ORIENTED_EDGE('',*,*,#1329,.F.);
#1744=ORIENTED_EDGE('',*,*,#1330,.F.);
#1745=ORIENTED_EDGE('',*,*,#1328,.T.);
#1746=ORIENTED_EDGE('',*,*,#1331,.F.);
#1747=ORIENTED_EDGE('',*,*,#1332,.F.);
#1748=ORIENTED_EDGE('',*,*,#1316,.F.);
#1749=ORIENTED_EDGE('',*,*,#1333,.F.);
#1750=ORIENTED_EDGE('',*,*,#1332,.T.);
#1751=ORIENTED_EDGE('',*,*,#1334,.F.);
#1752=ORIENTED_EDGE('',*,*,#1324,.F.);
#1753=ORIENTED_EDGE('',*,*,#1325,.T.);
#1754=ORIENTED_EDGE('',*,*,#1334,.T.);
#1755=ORIENTED_EDGE('',*,*,#1331,.T.);
#1756=ORIENTED_EDGE('',*,*,#1327,.T.);
#1757=ORIENTED_EDGE('',*,*,#1335,.F.);
#1758=ORIENTED_EDGE('',*,*,#1336,.T.);
#1759=ORIENTED_EDGE('',*,*,#1337,.F.);
#1760=ORIENTED_EDGE('',*,*,#1338,.F.);
#1761=ORIENTED_EDGE('',*,*,#1339,.F.);
#1762=ORIENTED_EDGE('',*,*,#1338,.T.);
#1763=ORIENTED_EDGE('',*,*,#1340,.F.);
#1764=ORIENTED_EDGE('',*,*,#1341,.F.);
#1765=ORIENTED_EDGE('',*,*,#1342,.F.);
#1766=ORIENTED_EDGE('',*,*,#1343,.F.);
#1767=ORIENTED_EDGE('',*,*,#1341,.T.);
#1768=ORIENTED_EDGE('',*,*,#1344,.F.);
#1769=ORIENTED_EDGE('',*,*,#1345,.F.);
#1770=ORIENTED_EDGE('',*,*,#1346,.F.);
#1771=ORIENTED_EDGE('',*,*,#1347,.F.);
#1772=ORIENTED_EDGE('',*,*,#1345,.T.);
#1773=ORIENTED_EDGE('',*,*,#1348,.F.);
#1774=ORIENTED_EDGE('',*,*,#1336,.F.);
#1775=ORIENTED_EDGE('',*,*,#1337,.T.);
#1776=ORIENTED_EDGE('',*,*,#1348,.T.);
#1777=ORIENTED_EDGE('',*,*,#1344,.T.);
#1778=ORIENTED_EDGE('',*,*,#1340,.T.);
#1779=ORIENTED_EDGE('',*,*,#1346,.T.);
#1780=ORIENTED_EDGE('',*,*,#1335,.T.);
#1781=ORIENTED_EDGE('',*,*,#1339,.T.);
#1782=ORIENTED_EDGE('',*,*,#1349,.F.);
#1783=ORIENTED_EDGE('',*,*,#1350,.T.);
#1784=ORIENTED_EDGE('',*,*,#1351,.F.);
#1785=ORIENTED_EDGE('',*,*,#1352,.T.);
#1786=ORIENTED_EDGE('',*,*,#1353,.F.);
#1787=ORIENTED_EDGE('',*,*,#1354,.T.);
#1788=ORIENTED_EDGE('',*,*,#1355,.T.);
#1789=ORIENTED_EDGE('',*,*,#1356,.T.);
#1790=ORIENTED_EDGE('',*,*,#1357,.F.);
#1791=ORIENTED_EDGE('',*,*,#1356,.F.);
#1792=ORIENTED_EDGE('',*,*,#1358,.T.);
#1793=ORIENTED_EDGE('',*,*,#1359,.T.);
#1794=ORIENTED_EDGE('',*,*,#1360,.F.);
#1795=ORIENTED_EDGE('',*,*,#1361,.F.);
#1796=ORIENTED_EDGE('',*,*,#1362,.F.);
#1797=ORIENTED_EDGE('',*,*,#1360,.T.);
#1798=ORIENTED_EDGE('',*,*,#1363,.T.);
#1799=ORIENTED_EDGE('',*,*,#1364,.F.);
#1800=ORIENTED_EDGE('',*,*,#1354,.F.);
#1801=ORIENTED_EDGE('',*,*,#1365,.F.);
#1802=ORIENTED_EDGE('',*,*,#1364,.T.);
#1803=ORIENTED_EDGE('',*,*,#1366,.T.);
#1804=ORIENTED_EDGE('',*,*,#1367,.F.);
#1805=ORIENTED_EDGE('',*,*,#1355,.F.);
#1806=ORIENTED_EDGE('',*,*,#1367,.T.);
#1807=ORIENTED_EDGE('',*,*,#1368,.T.);
#1808=ORIENTED_EDGE('',*,*,#1358,.F.);
#1809=ORIENTED_EDGE('',*,*,#1368,.F.);
#1810=ORIENTED_EDGE('',*,*,#1366,.F.);
#1811=ORIENTED_EDGE('',*,*,#1363,.F.);
#1812=ORIENTED_EDGE('',*,*,#1359,.F.);
#1813=ORIENTED_EDGE('',*,*,#1347,.T.);
#1814=ORIENTED_EDGE('',*,*,#1357,.T.);
#1815=ORIENTED_EDGE('',*,*,#1361,.T.);
#1816=ORIENTED_EDGE('',*,*,#1362,.T.);
#1817=ORIENTED_EDGE('',*,*,#1365,.T.);
#1818=ORIENTED_EDGE('',*,*,#1353,.T.);
#1819=ORIENTED_EDGE('',*,*,#1369,.T.);
#1820=ORIENTED_EDGE('',*,*,#1349,.T.);
#1821=ORIENTED_EDGE('',*,*,#1342,.T.);
#1822=ORIENTED_EDGE('',*,*,#1343,.T.);
#1823=ORIENTED_EDGE('',*,*,#1370,.T.);
#1824=ORIENTED_EDGE('',*,*,#1371,.T.);
#1825=ORIENTED_EDGE('',*,*,#1372,.T.);
#1826=ORIENTED_EDGE('',*,*,#1373,.T.);
#1827=ORIENTED_EDGE('',*,*,#1374,.T.);
#1828=ORIENTED_EDGE('',*,*,#1375,.T.);
#1829=ORIENTED_EDGE('',*,*,#1376,.T.);
#1830=ORIENTED_EDGE('',*,*,#1373,.F.);
#1831=ORIENTED_EDGE('',*,*,#1377,.T.);
#1832=ORIENTED_EDGE('',*,*,#1375,.F.);
#1833=ORIENTED_EDGE('',*,*,#1378,.T.);
#1834=ORIENTED_EDGE('',*,*,#1379,.T.);
#1835=ORIENTED_EDGE('',*,*,#1380,.T.);
#1836=ORIENTED_EDGE('',*,*,#1379,.F.);
#1837=ORIENTED_EDGE('',*,*,#1381,.T.);
#1838=ORIENTED_EDGE('',*,*,#1371,.F.);
#1839=ORIENTED_EDGE('',*,*,#1380,.F.);
#1840=ORIENTED_EDGE('',*,*,#1382,.T.);
#1841=ORIENTED_EDGE('',*,*,#1383,.F.);
#1842=ORIENTED_EDGE('',*,*,#1384,.F.);
#1843=ORIENTED_EDGE('',*,*,#1370,.F.);
#1844=ORIENTED_EDGE('',*,*,#1385,.T.);
#1845=ORIENTED_EDGE('',*,*,#1386,.F.);
#1846=ORIENTED_EDGE('',*,*,#1382,.F.);
#1847=ORIENTED_EDGE('',*,*,#1387,.F.);
#1848=ORIENTED_EDGE('',*,*,#1388,.T.);
#1849=ORIENTED_EDGE('',*,*,#1389,.F.);
#1850=ORIENTED_EDGE('',*,*,#1390,.F.);
#1851=ORIENTED_EDGE('',*,*,#1372,.F.);
#1852=ORIENTED_EDGE('',*,*,#1381,.F.);
#1853=ORIENTED_EDGE('',*,*,#1378,.F.);
#1854=ORIENTED_EDGE('',*,*,#1374,.F.);
#1855=ORIENTED_EDGE('',*,*,#1391,.T.);
#1856=ORIENTED_EDGE('',*,*,#1387,.T.);
#1857=ORIENTED_EDGE('',*,*,#1392,.F.);
#1858=ORIENTED_EDGE('',*,*,#1369,.F.);
#1859=ORIENTED_EDGE('',*,*,#1393,.T.);
#1860=ORIENTED_EDGE('',*,*,#1389,.T.);
#1861=ORIENTED_EDGE('',*,*,#1394,.F.);
#1862=ORIENTED_EDGE('',*,*,#1395,.F.);
#1863=ORIENTED_EDGE('',*,*,#1301,.T.);
#1864=ORIENTED_EDGE('',*,*,#1323,.T.);
#1865=ORIENTED_EDGE('',*,*,#1395,.T.);
#1866=ORIENTED_EDGE('',*,*,#1319,.T.);
#1867=ORIENTED_EDGE('',*,*,#1329,.T.);
#1868=ORIENTED_EDGE('',*,*,#1330,.T.);
#1869=ORIENTED_EDGE('',*,*,#1333,.T.);
#1870=ORIENTED_EDGE('',*,*,#1315,.T.);
#1871=ORIENTED_EDGE('',*,*,#1312,.T.);
#1872=ORIENTED_EDGE('',*,*,#1309,.T.);
#1873=ORIENTED_EDGE('',*,*,#1377,.F.);
#1874=ORIENTED_EDGE('',*,*,#1384,.T.);
#1875=ORIENTED_EDGE('',*,*,#1396,.F.);
#1876=ORIENTED_EDGE('',*,*,#1397,.F.);
#1877=ORIENTED_EDGE('',*,*,#1376,.F.);
#1878=ORIENTED_EDGE('',*,*,#1397,.T.);
#1879=ORIENTED_EDGE('',*,*,#1398,.F.);
#1880=ORIENTED_EDGE('',*,*,#1385,.F.);
#1881=ORIENTED_EDGE('',*,*,#1352,.F.);
#1882=ORIENTED_EDGE('',*,*,#1399,.F.);
#1883=ORIENTED_EDGE('',*,*,#1320,.F.);
#1884=ORIENTED_EDGE('',*,*,#1394,.T.);
#1885=ORIENTED_EDGE('',*,*,#1388,.F.);
#1886=ORIENTED_EDGE('',*,*,#1391,.F.);
#1887=ORIENTED_EDGE('',*,*,#1390,.T.);
#1888=ORIENTED_EDGE('',*,*,#1393,.F.);
#1889=ORIENTED_EDGE('',*,*,#1322,.T.);
#1890=ORIENTED_EDGE('',*,*,#1400,.F.);
#1891=ORIENTED_EDGE('',*,*,#1350,.F.);
#1892=ORIENTED_EDGE('',*,*,#1392,.T.);
#1893=ORIENTED_EDGE('',*,*,#1351,.T.);
#1894=ORIENTED_EDGE('',*,*,#1400,.T.);
#1895=ORIENTED_EDGE('',*,*,#1321,.T.);
#1896=ORIENTED_EDGE('',*,*,#1399,.T.);
#1897=ORIENTED_EDGE('',*,*,#1386,.T.);
#1898=ORIENTED_EDGE('',*,*,#1398,.T.);
#1899=ORIENTED_EDGE('',*,*,#1396,.T.);
#1900=ORIENTED_EDGE('',*,*,#1383,.T.);
#1901=ORIENTED_EDGE('',*,*,#1401,.F.);
#1902=ORIENTED_EDGE('',*,*,#1402,.F.);
#1903=ORIENTED_EDGE('',*,*,#1403,.F.);
#1904=ORIENTED_EDGE('',*,*,#1404,.T.);
#1905=ORIENTED_EDGE('',*,*,#1405,.F.);
#1906=ORIENTED_EDGE('',*,*,#1404,.F.);
#1907=ORIENTED_EDGE('',*,*,#1406,.F.);
#1908=ORIENTED_EDGE('',*,*,#1407,.T.);
#1909=ORIENTED_EDGE('',*,*,#1408,.F.);
#1910=ORIENTED_EDGE('',*,*,#1407,.F.);
#1911=ORIENTED_EDGE('',*,*,#1409,.F.);
#1912=ORIENTED_EDGE('',*,*,#1410,.T.);
#1913=ORIENTED_EDGE('',*,*,#1411,.F.);
#1914=ORIENTED_EDGE('',*,*,#1410,.F.);
#1915=ORIENTED_EDGE('',*,*,#1412,.F.);
#1916=ORIENTED_EDGE('',*,*,#1402,.T.);
#1917=ORIENTED_EDGE('',*,*,#1412,.T.);
#1918=ORIENTED_EDGE('',*,*,#1409,.T.);
#1919=ORIENTED_EDGE('',*,*,#1406,.T.);
#1920=ORIENTED_EDGE('',*,*,#1403,.T.);
#1921=ORIENTED_EDGE('',*,*,#1413,.F.);
#1922=ORIENTED_EDGE('',*,*,#1414,.F.);
#1923=ORIENTED_EDGE('',*,*,#1415,.T.);
#1924=ORIENTED_EDGE('',*,*,#1416,.T.);
#1925=ORIENTED_EDGE('',*,*,#1417,.F.);
#1926=ORIENTED_EDGE('',*,*,#1416,.F.);
#1927=ORIENTED_EDGE('',*,*,#1418,.T.);
#1928=ORIENTED_EDGE('',*,*,#1419,.T.);
#1929=ORIENTED_EDGE('',*,*,#1420,.F.);
#1930=ORIENTED_EDGE('',*,*,#1419,.F.);
#1931=ORIENTED_EDGE('',*,*,#1421,.T.);
#1932=ORIENTED_EDGE('',*,*,#1422,.T.);
#1933=ORIENTED_EDGE('',*,*,#1423,.F.);
#1934=ORIENTED_EDGE('',*,*,#1422,.F.);
#1935=ORIENTED_EDGE('',*,*,#1424,.T.);
#1936=ORIENTED_EDGE('',*,*,#1414,.T.);
#1937=ORIENTED_EDGE('',*,*,#1418,.F.);
#1938=ORIENTED_EDGE('',*,*,#1415,.F.);
#1939=ORIENTED_EDGE('',*,*,#1424,.F.);
#1940=ORIENTED_EDGE('',*,*,#1421,.F.);
#1941=ORIENTED_EDGE('',*,*,#1425,.T.);
#1942=ORIENTED_EDGE('',*,*,#1426,.T.);
#1943=ORIENTED_EDGE('',*,*,#1427,.T.);
#1944=ORIENTED_EDGE('',*,*,#1428,.T.);
#1945=ORIENTED_EDGE('',*,*,#1426,.F.);
#1946=ORIENTED_EDGE('',*,*,#1429,.T.);
#1947=ORIENTED_EDGE('',*,*,#1430,.T.);
#1948=ORIENTED_EDGE('',*,*,#1431,.T.);
#1949=ORIENTED_EDGE('',*,*,#1432,.T.);
#1950=ORIENTED_EDGE('',*,*,#1433,.T.);
#1951=ORIENTED_EDGE('',*,*,#1430,.F.);
#1952=ORIENTED_EDGE('',*,*,#1434,.T.);
#1953=ORIENTED_EDGE('',*,*,#1432,.F.);
#1954=ORIENTED_EDGE('',*,*,#1435,.T.);
#1955=ORIENTED_EDGE('',*,*,#1436,.T.);
#1956=ORIENTED_EDGE('',*,*,#1437,.T.);
#1957=ORIENTED_EDGE('',*,*,#1438,.T.);
#1958=ORIENTED_EDGE('',*,*,#1439,.T.);
#1959=ORIENTED_EDGE('',*,*,#1436,.F.);
#1960=ORIENTED_EDGE('',*,*,#1440,.T.);
#1961=ORIENTED_EDGE('',*,*,#1441,.T.);
#1962=ORIENTED_EDGE('',*,*,#1428,.F.);
#1963=ORIENTED_EDGE('',*,*,#1442,.T.);
#1964=ORIENTED_EDGE('',*,*,#1443,.T.);
#1965=ORIENTED_EDGE('',*,*,#1444,.T.);
#1966=ORIENTED_EDGE('',*,*,#1445,.T.);
#1967=ORIENTED_EDGE('',*,*,#1446,.T.);
#1968=ORIENTED_EDGE('',*,*,#1447,.T.);
#1969=ORIENTED_EDGE('',*,*,#1446,.F.);
#1970=ORIENTED_EDGE('',*,*,#1448,.T.);
#1971=ORIENTED_EDGE('',*,*,#1449,.T.);
#1972=ORIENTED_EDGE('',*,*,#1450,.T.);
#1973=ORIENTED_EDGE('',*,*,#1451,.T.);
#1974=ORIENTED_EDGE('',*,*,#1452,.T.);
#1975=ORIENTED_EDGE('',*,*,#1449,.F.);
#1976=ORIENTED_EDGE('',*,*,#1453,.T.);
#1977=ORIENTED_EDGE('',*,*,#1451,.F.);
#1978=ORIENTED_EDGE('',*,*,#1454,.T.);
#1979=ORIENTED_EDGE('',*,*,#1455,.T.);
#1980=ORIENTED_EDGE('',*,*,#1456,.T.);
#1981=ORIENTED_EDGE('',*,*,#1457,.T.);
#1982=ORIENTED_EDGE('',*,*,#1455,.F.);
#1983=ORIENTED_EDGE('',*,*,#1458,.T.);
#1984=ORIENTED_EDGE('',*,*,#1443,.F.);
#1985=ORIENTED_EDGE('',*,*,#1440,.F.);
#1986=ORIENTED_EDGE('',*,*,#1459,.F.);
#1987=ORIENTED_EDGE('',*,*,#1460,.F.);
#1988=ORIENTED_EDGE('',*,*,#1461,.F.);
#1989=ORIENTED_EDGE('',*,*,#1435,.F.);
#1990=ORIENTED_EDGE('',*,*,#1462,.T.);
#1991=ORIENTED_EDGE('',*,*,#1463,.T.);
#1992=ORIENTED_EDGE('',*,*,#1459,.T.);
#1993=ORIENTED_EDGE('',*,*,#1429,.F.);
#1994=ORIENTED_EDGE('',*,*,#1464,.T.);
#1995=ORIENTED_EDGE('',*,*,#1465,.T.);
#1996=ORIENTED_EDGE('',*,*,#1466,.T.);
#1997=ORIENTED_EDGE('',*,*,#1425,.F.);
#1998=ORIENTED_EDGE('',*,*,#1467,.F.);
#1999=ORIENTED_EDGE('',*,*,#1468,.F.);
#2000=ORIENTED_EDGE('',*,*,#1464,.F.);
#2001=ORIENTED_EDGE('',*,*,#1441,.F.);
#2002=ORIENTED_EDGE('',*,*,#1469,.F.);
#2003=ORIENTED_EDGE('',*,*,#1470,.F.);
#2004=ORIENTED_EDGE('',*,*,#1471,.T.);
#2005=ORIENTED_EDGE('',*,*,#1472,.T.);
#2006=ORIENTED_EDGE('',*,*,#1473,.T.);
#2007=ORIENTED_EDGE('',*,*,#1474,.F.);
#2008=ORIENTED_EDGE('',*,*,#1467,.T.);
#2009=ORIENTED_EDGE('',*,*,#1458,.F.);
#2010=ORIENTED_EDGE('',*,*,#1475,.F.);
#2011=ORIENTED_EDGE('',*,*,#1476,.F.);
#2012=ORIENTED_EDGE('',*,*,#1469,.T.);
#2013=ORIENTED_EDGE('',*,*,#1454,.F.);
#2014=ORIENTED_EDGE('',*,*,#1477,.T.);
#2015=ORIENTED_EDGE('',*,*,#1478,.T.);
#2016=ORIENTED_EDGE('',*,*,#1475,.T.);
#2017=ORIENTED_EDGE('',*,*,#1434,.F.);
#2018=ORIENTED_EDGE('',*,*,#1466,.F.);
#2019=ORIENTED_EDGE('',*,*,#1479,.F.);
#2020=ORIENTED_EDGE('',*,*,#1480,.F.);
#2021=ORIENTED_EDGE('',*,*,#1481,.F.);
#2022=ORIENTED_EDGE('',*,*,#1477,.F.);
#2023=ORIENTED_EDGE('',*,*,#1453,.F.);
#2024=ORIENTED_EDGE('',*,*,#1482,.F.);
#2025=ORIENTED_EDGE('',*,*,#1483,.F.);
#2026=ORIENTED_EDGE('',*,*,#1462,.F.);
#2027=ORIENTED_EDGE('',*,*,#1448,.F.);
#2028=ORIENTED_EDGE('',*,*,#1484,.T.);
#2029=ORIENTED_EDGE('',*,*,#1485,.T.);
#2030=ORIENTED_EDGE('',*,*,#1482,.T.);
#2031=ORIENTED_EDGE('',*,*,#1438,.F.);
#2032=ORIENTED_EDGE('',*,*,#1461,.T.);
#2033=ORIENTED_EDGE('',*,*,#1486,.F.);
#2034=ORIENTED_EDGE('',*,*,#1487,.T.);
#2035=ORIENTED_EDGE('',*,*,#1444,.F.);
#2036=ORIENTED_EDGE('',*,*,#1488,.F.);
#2037=ORIENTED_EDGE('',*,*,#1445,.F.);
#2038=ORIENTED_EDGE('',*,*,#1487,.F.);
#2039=ORIENTED_EDGE('',*,*,#1489,.F.);
#2040=ORIENTED_EDGE('',*,*,#1484,.F.);
#2041=ORIENTED_EDGE('',*,*,#1490,.T.);
#2042=ORIENTED_EDGE('',*,*,#1491,.T.);
#2043=ORIENTED_EDGE('',*,*,#1492,.T.);
#2044=ORIENTED_EDGE('',*,*,#1480,.T.);
#2045=ORIENTED_EDGE('',*,*,#1492,.F.);
#2046=ORIENTED_EDGE('',*,*,#1493,.F.);
#2047=ORIENTED_EDGE('',*,*,#1471,.F.);
#2048=ORIENTED_EDGE('',*,*,#1494,.F.);
#2049=ORIENTED_EDGE('',*,*,#1490,.F.);
#2050=ORIENTED_EDGE('',*,*,#1495,.F.);
#2051=ORIENTED_EDGE('',*,*,#1473,.F.);
#2052=ORIENTED_EDGE('',*,*,#1496,.F.);
#2053=ORIENTED_EDGE('',*,*,#1491,.F.);
#2054=ORIENTED_EDGE('',*,*,#1496,.T.);
#2055=ORIENTED_EDGE('',*,*,#1472,.F.);
#2056=ORIENTED_EDGE('',*,*,#1493,.T.);
#2057=ORIENTED_EDGE('',*,*,#1494,.T.);
#2058=ORIENTED_EDGE('',*,*,#1470,.T.);
#2059=ORIENTED_EDGE('',*,*,#1476,.T.);
#2060=ORIENTED_EDGE('',*,*,#1478,.F.);
#2061=ORIENTED_EDGE('',*,*,#1481,.T.);
#2062=ORIENTED_EDGE('',*,*,#1497,.T.);
#2063=ORIENTED_EDGE('',*,*,#1485,.F.);
#2064=ORIENTED_EDGE('',*,*,#1489,.T.);
#2065=ORIENTED_EDGE('',*,*,#1486,.T.);
#2066=ORIENTED_EDGE('',*,*,#1460,.T.);
#2067=ORIENTED_EDGE('',*,*,#1463,.F.);
#2068=ORIENTED_EDGE('',*,*,#1483,.T.);
#2069=ORIENTED_EDGE('',*,*,#1498,.T.);
#2070=ORIENTED_EDGE('',*,*,#1499,.T.);
#2071=ORIENTED_EDGE('',*,*,#1439,.F.);
#2072=ORIENTED_EDGE('',*,*,#1488,.T.);
#2073=ORIENTED_EDGE('',*,*,#1447,.F.);
#2074=ORIENTED_EDGE('',*,*,#1450,.F.);
#2075=ORIENTED_EDGE('',*,*,#1452,.F.);
#2076=ORIENTED_EDGE('',*,*,#1456,.F.);
#2077=ORIENTED_EDGE('',*,*,#1457,.F.);
#2078=ORIENTED_EDGE('',*,*,#1442,.F.);
#2079=ORIENTED_EDGE('',*,*,#1427,.F.);
#2080=ORIENTED_EDGE('',*,*,#1431,.F.);
#2081=ORIENTED_EDGE('',*,*,#1433,.F.);
#2082=ORIENTED_EDGE('',*,*,#1437,.F.);
#2083=ORIENTED_EDGE('',*,*,#1408,.T.);
#2084=ORIENTED_EDGE('',*,*,#1411,.T.);
#2085=ORIENTED_EDGE('',*,*,#1401,.T.);
#2086=ORIENTED_EDGE('',*,*,#1405,.T.);
#2087=ORIENTED_EDGE('',*,*,#1420,.T.);
#2088=ORIENTED_EDGE('',*,*,#1423,.T.);
#2089=ORIENTED_EDGE('',*,*,#1413,.T.);
#2090=ORIENTED_EDGE('',*,*,#1417,.T.);
#2091=ORIENTED_EDGE('',*,*,#1495,.T.);
#2092=ORIENTED_EDGE('',*,*,#1479,.T.);
#2093=ORIENTED_EDGE('',*,*,#1465,.F.);
#2094=ORIENTED_EDGE('',*,*,#1468,.T.);
#2095=ORIENTED_EDGE('',*,*,#1474,.T.);
#2096=ORIENTED_EDGE('',*,*,#1500,.T.);
#2097=ORIENTED_EDGE('',*,*,#1499,.F.);
#2098=ORIENTED_EDGE('',*,*,#1501,.T.);
#2099=ORIENTED_EDGE('',*,*,#1497,.F.);
#2100=ORIENTED_EDGE('',*,*,#1501,.F.);
#2101=ORIENTED_EDGE('',*,*,#1498,.F.);
#2102=ORIENTED_EDGE('',*,*,#1502,.T.);
#2103=ORIENTED_EDGE('',*,*,#1500,.F.);
#2104=ORIENTED_EDGE('',*,*,#1502,.F.);
#2105=ORIENTED_EDGE('',*,*,#1503,.T.);
#2106=ORIENTED_EDGE('',*,*,#1504,.F.);
#2107=ORIENTED_EDGE('',*,*,#1505,.T.);
#2108=ORIENTED_EDGE('',*,*,#1506,.T.);
#2109=ORIENTED_EDGE('',*,*,#1507,.T.);
#2110=ORIENTED_EDGE('',*,*,#1508,.F.);
#2111=ORIENTED_EDGE('',*,*,#1509,.T.);
#2112=ORIENTED_EDGE('',*,*,#1504,.T.);
#2113=ORIENTED_EDGE('',*,*,#1510,.T.);
#2114=ORIENTED_EDGE('',*,*,#1511,.F.);
#2115=ORIENTED_EDGE('',*,*,#1512,.T.);
#2116=ORIENTED_EDGE('',*,*,#1508,.T.);
#2117=ORIENTED_EDGE('',*,*,#1513,.T.);
#2118=ORIENTED_EDGE('',*,*,#1506,.F.);
#2119=ORIENTED_EDGE('',*,*,#1514,.T.);
#2120=ORIENTED_EDGE('',*,*,#1511,.T.);
#2121=ORIENTED_EDGE('',*,*,#1514,.F.);
#2122=ORIENTED_EDGE('',*,*,#1505,.F.);
#2123=ORIENTED_EDGE('',*,*,#1509,.F.);
#2124=ORIENTED_EDGE('',*,*,#1512,.F.);
#2125=ORIENTED_EDGE('',*,*,#1515,.T.);
#2126=ORIENTED_EDGE('',*,*,#1516,.F.);
#2127=ORIENTED_EDGE('',*,*,#1517,.F.);
#2128=ORIENTED_EDGE('',*,*,#1518,.T.);
#2129=ORIENTED_EDGE('',*,*,#1519,.T.);
#2130=ORIENTED_EDGE('',*,*,#1520,.F.);
#2131=ORIENTED_EDGE('',*,*,#1521,.F.);
#2132=ORIENTED_EDGE('',*,*,#1516,.T.);
#2133=ORIENTED_EDGE('',*,*,#1522,.T.);
#2134=ORIENTED_EDGE('',*,*,#1523,.F.);
#2135=ORIENTED_EDGE('',*,*,#1524,.F.);
#2136=ORIENTED_EDGE('',*,*,#1520,.T.);
#2137=ORIENTED_EDGE('',*,*,#1525,.T.);
#2138=ORIENTED_EDGE('',*,*,#1518,.F.);
#2139=ORIENTED_EDGE('',*,*,#1526,.F.);
#2140=ORIENTED_EDGE('',*,*,#1523,.T.);
#2141=ORIENTED_EDGE('',*,*,#1521,.T.);
#2142=ORIENTED_EDGE('',*,*,#1524,.T.);
#2143=ORIENTED_EDGE('',*,*,#1526,.T.);
#2144=ORIENTED_EDGE('',*,*,#1517,.T.);
#2145=ORIENTED_EDGE('',*,*,#1527,.F.);
#2146=ORIENTED_EDGE('',*,*,#1528,.F.);
#2147=ORIENTED_EDGE('',*,*,#1529,.F.);
#2148=ORIENTED_EDGE('',*,*,#1530,.F.);
#2149=ORIENTED_EDGE('',*,*,#1530,.T.);
#2150=ORIENTED_EDGE('',*,*,#1531,.F.);
#2151=ORIENTED_EDGE('',*,*,#1532,.F.);
#2152=ORIENTED_EDGE('',*,*,#1533,.F.);
#2153=ORIENTED_EDGE('',*,*,#1534,.F.);
#2154=ORIENTED_EDGE('',*,*,#1535,.F.);
#2155=ORIENTED_EDGE('',*,*,#1532,.T.);
#2156=ORIENTED_EDGE('',*,*,#1536,.F.);
#2157=ORIENTED_EDGE('',*,*,#1534,.T.);
#2158=ORIENTED_EDGE('',*,*,#1537,.F.);
#2159=ORIENTED_EDGE('',*,*,#1538,.F.);
#2160=ORIENTED_EDGE('',*,*,#1539,.F.);
#2161=ORIENTED_EDGE('',*,*,#1540,.F.);
#2162=ORIENTED_EDGE('',*,*,#1541,.F.);
#2163=ORIENTED_EDGE('',*,*,#1538,.T.);
#2164=ORIENTED_EDGE('',*,*,#1542,.F.);
#2165=ORIENTED_EDGE('',*,*,#1543,.F.);
#2166=ORIENTED_EDGE('',*,*,#1544,.F.);
#2167=ORIENTED_EDGE('',*,*,#1545,.F.);
#2168=ORIENTED_EDGE('',*,*,#1528,.T.);
#2169=ORIENTED_EDGE('',*,*,#1546,.F.);
#2170=ORIENTED_EDGE('',*,*,#1547,.F.);
#2171=ORIENTED_EDGE('',*,*,#1548,.F.);
#2172=ORIENTED_EDGE('',*,*,#1549,.F.);
#2173=ORIENTED_EDGE('',*,*,#1548,.T.);
#2174=ORIENTED_EDGE('',*,*,#1550,.F.);
#2175=ORIENTED_EDGE('',*,*,#1551,.F.);
#2176=ORIENTED_EDGE('',*,*,#1552,.F.);
#2177=ORIENTED_EDGE('',*,*,#1553,.F.);
#2178=ORIENTED_EDGE('',*,*,#1554,.F.);
#2179=ORIENTED_EDGE('',*,*,#1551,.T.);
#2180=ORIENTED_EDGE('',*,*,#1555,.F.);
#2181=ORIENTED_EDGE('',*,*,#1553,.T.);
#2182=ORIENTED_EDGE('',*,*,#1556,.F.);
#2183=ORIENTED_EDGE('',*,*,#1557,.F.);
#2184=ORIENTED_EDGE('',*,*,#1558,.F.);
#2185=ORIENTED_EDGE('',*,*,#1559,.F.);
#2186=ORIENTED_EDGE('',*,*,#1544,.T.);
#2187=ORIENTED_EDGE('',*,*,#1560,.F.);
#2188=ORIENTED_EDGE('',*,*,#1557,.T.);
#2189=ORIENTED_EDGE('',*,*,#1541,.T.);
#2190=ORIENTED_EDGE('',*,*,#1561,.T.);
#2191=ORIENTED_EDGE('',*,*,#1562,.T.);
#2192=ORIENTED_EDGE('',*,*,#1563,.T.);
#2193=ORIENTED_EDGE('',*,*,#1539,.T.);
#2194=ORIENTED_EDGE('',*,*,#1563,.F.);
#2195=ORIENTED_EDGE('',*,*,#1564,.F.);
#2196=ORIENTED_EDGE('',*,*,#1565,.F.);
#2197=ORIENTED_EDGE('',*,*,#1533,.T.);
#2198=ORIENTED_EDGE('',*,*,#1566,.F.);
#2199=ORIENTED_EDGE('',*,*,#1567,.F.);
#2200=ORIENTED_EDGE('',*,*,#1568,.F.);
#2201=ORIENTED_EDGE('',*,*,#1527,.T.);
#2202=ORIENTED_EDGE('',*,*,#1568,.T.);
#2203=ORIENTED_EDGE('',*,*,#1569,.T.);
#2204=ORIENTED_EDGE('',*,*,#1570,.T.);
#2205=ORIENTED_EDGE('',*,*,#1543,.T.);
#2206=ORIENTED_EDGE('',*,*,#1570,.F.);
#2207=ORIENTED_EDGE('',*,*,#1571,.T.);
#2208=ORIENTED_EDGE('',*,*,#1572,.F.);
#2209=ORIENTED_EDGE('',*,*,#1573,.F.);
#2210=ORIENTED_EDGE('',*,*,#1574,.F.);
#2211=ORIENTED_EDGE('',*,*,#1575,.T.);
#2212=ORIENTED_EDGE('',*,*,#1576,.T.);
#2213=ORIENTED_EDGE('',*,*,#1560,.T.);
#2214=ORIENTED_EDGE('',*,*,#1576,.F.);
#2215=ORIENTED_EDGE('',*,*,#1577,.T.);
#2216=ORIENTED_EDGE('',*,*,#1578,.T.);
#2217=ORIENTED_EDGE('',*,*,#1558,.T.);
#2218=ORIENTED_EDGE('',*,*,#1578,.F.);
#2219=ORIENTED_EDGE('',*,*,#1579,.F.);
#2220=ORIENTED_EDGE('',*,*,#1580,.F.);
#2221=ORIENTED_EDGE('',*,*,#1535,.T.);
#2222=ORIENTED_EDGE('',*,*,#1565,.T.);
#2223=ORIENTED_EDGE('',*,*,#1581,.T.);
#2224=ORIENTED_EDGE('',*,*,#1582,.T.);
#2225=ORIENTED_EDGE('',*,*,#1554,.T.);
#2226=ORIENTED_EDGE('',*,*,#1580,.T.);
#2227=ORIENTED_EDGE('',*,*,#1583,.T.);
#2228=ORIENTED_EDGE('',*,*,#1584,.T.);
#2229=ORIENTED_EDGE('',*,*,#1585,.T.);
#2230=ORIENTED_EDGE('',*,*,#1566,.T.);
#2231=ORIENTED_EDGE('',*,*,#1552,.T.);
#2232=ORIENTED_EDGE('',*,*,#1582,.F.);
#2233=ORIENTED_EDGE('',*,*,#1586,.F.);
#2234=ORIENTED_EDGE('',*,*,#1587,.F.);
#2235=ORIENTED_EDGE('',*,*,#1540,.T.);
#2236=ORIENTED_EDGE('',*,*,#1588,.T.);
#2237=ORIENTED_EDGE('',*,*,#1546,.T.);
#2238=ORIENTED_EDGE('',*,*,#1589,.F.);
#2239=ORIENTED_EDGE('',*,*,#1590,.T.);
#2240=ORIENTED_EDGE('',*,*,#1561,.F.);
#2241=ORIENTED_EDGE('',*,*,#1549,.T.);
#2242=ORIENTED_EDGE('',*,*,#1587,.T.);
#2243=ORIENTED_EDGE('',*,*,#1591,.T.);
#2244=ORIENTED_EDGE('',*,*,#1589,.T.);
#2245=ORIENTED_EDGE('',*,*,#1592,.F.);
#2246=ORIENTED_EDGE('',*,*,#1584,.F.);
#2247=ORIENTED_EDGE('',*,*,#1593,.F.);
#2248=ORIENTED_EDGE('',*,*,#1594,.F.);
#2249=ORIENTED_EDGE('',*,*,#1593,.T.);
#2250=ORIENTED_EDGE('',*,*,#1595,.T.);
#2251=ORIENTED_EDGE('',*,*,#1574,.T.);
#2252=ORIENTED_EDGE('',*,*,#1596,.T.);
#2253=ORIENTED_EDGE('',*,*,#1592,.T.);
#2254=ORIENTED_EDGE('',*,*,#1597,.T.);
#2255=ORIENTED_EDGE('',*,*,#1572,.T.);
#2256=ORIENTED_EDGE('',*,*,#1598,.T.);
#2257=ORIENTED_EDGE('',*,*,#1594,.T.);
#2258=ORIENTED_EDGE('',*,*,#1596,.F.);
#2259=ORIENTED_EDGE('',*,*,#1573,.T.);
#2260=ORIENTED_EDGE('',*,*,#1597,.F.);
#2261=ORIENTED_EDGE('',*,*,#1595,.F.);
#2262=ORIENTED_EDGE('',*,*,#1583,.F.);
#2263=ORIENTED_EDGE('',*,*,#1579,.T.);
#2264=ORIENTED_EDGE('',*,*,#1577,.F.);
#2265=ORIENTED_EDGE('',*,*,#1575,.F.);
#2266=ORIENTED_EDGE('',*,*,#1599,.F.);
#2267=ORIENTED_EDGE('',*,*,#1586,.T.);
#2268=ORIENTED_EDGE('',*,*,#1581,.F.);
#2269=ORIENTED_EDGE('',*,*,#1564,.T.);
#2270=ORIENTED_EDGE('',*,*,#1562,.F.);
#2271=ORIENTED_EDGE('',*,*,#1590,.F.);
#2272=ORIENTED_EDGE('',*,*,#1591,.F.);
#2273=ORIENTED_EDGE('',*,*,#1600,.F.);
#2274=ORIENTED_EDGE('',*,*,#1601,.F.);
#2275=ORIENTED_EDGE('',*,*,#1542,.T.);
#2276=ORIENTED_EDGE('',*,*,#1537,.T.);
#2277=ORIENTED_EDGE('',*,*,#1536,.T.);
#2278=ORIENTED_EDGE('',*,*,#1531,.T.);
#2279=ORIENTED_EDGE('',*,*,#1529,.T.);
#2280=ORIENTED_EDGE('',*,*,#1545,.T.);
#2281=ORIENTED_EDGE('',*,*,#1559,.T.);
#2282=ORIENTED_EDGE('',*,*,#1556,.T.);
#2283=ORIENTED_EDGE('',*,*,#1555,.T.);
#2284=ORIENTED_EDGE('',*,*,#1550,.T.);
#2285=ORIENTED_EDGE('',*,*,#1547,.T.);
#2286=ORIENTED_EDGE('',*,*,#1588,.F.);
#2287=ORIENTED_EDGE('',*,*,#1510,.F.);
#2288=ORIENTED_EDGE('',*,*,#1507,.F.);
#2289=ORIENTED_EDGE('',*,*,#1503,.F.);
#2290=ORIENTED_EDGE('',*,*,#1513,.F.);
#2291=ORIENTED_EDGE('',*,*,#1522,.F.);
#2292=ORIENTED_EDGE('',*,*,#1519,.F.);
#2293=ORIENTED_EDGE('',*,*,#1515,.F.);
#2294=ORIENTED_EDGE('',*,*,#1525,.F.);
#2295=ORIENTED_EDGE('',*,*,#1598,.F.);
#2296=ORIENTED_EDGE('',*,*,#1571,.F.);
#2297=ORIENTED_EDGE('',*,*,#1569,.F.);
#2298=ORIENTED_EDGE('',*,*,#1567,.T.);
#2299=ORIENTED_EDGE('',*,*,#1585,.F.);
#2300=ORIENTED_EDGE('',*,*,#1602,.F.);
#2301=ORIENTED_EDGE('',*,*,#1601,.T.);
#2302=ORIENTED_EDGE('',*,*,#1603,.T.);
#2303=ORIENTED_EDGE('',*,*,#1599,.T.);
#2304=ORIENTED_EDGE('',*,*,#1603,.F.);
#2305=ORIENTED_EDGE('',*,*,#1600,.T.);
#2306=ORIENTED_EDGE('',*,*,#1604,.T.);
#2307=ORIENTED_EDGE('',*,*,#1602,.T.);
#2308=ORIENTED_EDGE('',*,*,#1604,.F.);
#2309=PLANE('',#2599);
#2310=PLANE('',#2600);
#2311=PLANE('',#2601);
#2312=PLANE('',#2602);
#2313=PLANE('',#2603);
#2314=PLANE('',#2604);
#2315=PLANE('',#2605);
#2316=PLANE('',#2606);
#2317=PLANE('',#2607);
#2318=PLANE('',#2608);
#2319=PLANE('',#2609);
#2320=PLANE('',#2610);
#2321=PLANE('',#2611);
#2322=PLANE('',#2612);
#2323=PLANE('',#2613);
#2324=PLANE('',#2614);
#2325=PLANE('',#2615);
#2326=PLANE('',#2616);
#2327=PLANE('',#2617);
#2328=PLANE('',#2618);
#2329=PLANE('',#2619);
#2330=PLANE('',#2620);
#2331=PLANE('',#2621);
#2332=PLANE('',#2622);
#2333=PLANE('',#2623);
#2334=PLANE('',#2624);
#2335=PLANE('',#2626);
#2336=PLANE('',#2627);
#2337=PLANE('',#2628);
#2338=PLANE('',#2635);
#2339=PLANE('',#2636);
#2340=PLANE('',#2637);
#2341=PLANE('',#2638);
#2342=PLANE('',#2639);
#2343=PLANE('',#2640);
#2344=PLANE('',#2642);
#2345=PLANE('',#2643);
#2346=PLANE('',#2644);
#2347=PLANE('',#2645);
#2348=PLANE('',#2652);
#2349=PLANE('',#2653);
#2350=PLANE('',#2654);
#2351=PLANE('',#2655);
#2352=PLANE('',#2656);
#2353=PLANE('',#2657);
#2354=PLANE('',#2658);
#2355=PLANE('',#2659);
#2356=PLANE('',#2660);
#2357=PLANE('',#2661);
#2358=PLANE('',#2662);
#2359=PLANE('',#2663);
#2360=PLANE('',#2664);
#2361=PLANE('',#2665);
#2362=PLANE('',#2666);
#2363=PLANE('',#2667);
#2364=PLANE('',#2668);
#2365=PLANE('',#2669);
#2366=PLANE('',#2670);
#2367=PLANE('',#2671);
#2368=PLANE('',#2672);
#2369=PLANE('',#2673);
#2370=PLANE('',#2674);
#2371=PLANE('',#2675);
#2372=PLANE('',#2676);
#2373=PLANE('',#2677);
#2374=PLANE('',#2678);
#2375=PLANE('',#2679);
#2376=PLANE('',#2680);
#2377=PLANE('',#2681);
#2378=PLANE('',#2682);
#2379=PLANE('',#2683);
#2380=PLANE('',#2687);
#2381=PLANE('',#2691);
#2382=PLANE('',#2692);
#2383=PLANE('',#2693);
#2384=PLANE('',#2697);
#2385=PLANE('',#2701);
#2386=PLANE('',#2702);
#2387=PLANE('',#2707);
#2388=PLANE('',#2708);
#2389=PLANE('',#2709);
#2390=PLANE('',#2712);
#2391=PLANE('',#2715);
#2392=PLANE('',#2716);
#2393=PLANE('',#2717);
#2394=PLANE('',#2718);
#2395=PLANE('',#2719);
#2396=PLANE('',#2720);
#2397=PLANE('',#2721);
#2398=PLANE('',#2723);
#2399=PLANE('',#2726);
#2400=PLANE('',#2727);
#2401=PLANE('',#2731);
#2402=PLANE('',#2732);
#2403=PLANE('',#2733);
#2404=PLANE('',#2734);
#2405=PLANE('',#2735);
#2406=PLANE('',#2736);
#2407=PLANE('',#2737);
#2408=PLANE('',#2738);
#2409=PLANE('',#2739);
#2410=PLANE('',#2740);
#2411=PLANE('',#2741);
#2412=PLANE('',#2745);
#2413=PLANE('',#2749);
#2414=PLANE('',#2750);
#2415=PLANE('',#2751);
#2416=PLANE('',#2755);
#2417=PLANE('',#2759);
#2418=PLANE('',#2760);
#2419=PLANE('',#2765);
#2420=PLANE('',#2766);
#2421=PLANE('',#2767);
#2422=PLANE('',#2770);
#2423=PLANE('',#2773);
#2424=PLANE('',#2774);
#2425=PLANE('',#2775);
#2426=PLANE('',#2776);
#2427=PLANE('',#2777);
#2428=PLANE('',#2778);
#2429=PLANE('',#2779);
#2430=PLANE('',#2781);
#2431=PLANE('',#2784);
#2432=PLANE('',#2785);
#2433=ADVANCED_FACE('',(#107),#2309,.T.);
#2434=ADVANCED_FACE('',(#108),#2310,.T.);
#2435=ADVANCED_FACE('',(#109),#2311,.T.);
#2436=ADVANCED_FACE('',(#110),#2312,.T.);
#2437=ADVANCED_FACE('',(#111),#2313,.T.);
#2438=ADVANCED_FACE('',(#112),#2314,.F.);
#2439=ADVANCED_FACE('',(#113),#2315,.F.);
#2440=ADVANCED_FACE('',(#114),#2316,.F.);
#2441=ADVANCED_FACE('',(#115),#2317,.F.);
#2442=ADVANCED_FACE('',(#116),#2318,.F.);
#2443=ADVANCED_FACE('',(#117),#2319,.F.);
#2444=ADVANCED_FACE('',(#118),#2320,.T.);
#2445=ADVANCED_FACE('',(#119),#2321,.F.);
#2446=ADVANCED_FACE('',(#120),#2322,.F.);
#2447=ADVANCED_FACE('',(#121),#2323,.F.);
#2448=ADVANCED_FACE('',(#122),#2324,.F.);
#2449=ADVANCED_FACE('',(#123),#2325,.F.);
#2450=ADVANCED_FACE('',(#124),#2326,.T.);
#2451=ADVANCED_FACE('',(#125),#2327,.T.);
#2452=ADVANCED_FACE('',(#126),#2328,.T.);
#2453=ADVANCED_FACE('',(#127),#2329,.T.);
#2454=ADVANCED_FACE('',(#128),#2330,.T.);
#2455=ADVANCED_FACE('',(#129),#2331,.T.);
#2456=ADVANCED_FACE('',(#130),#2332,.F.);
#2457=ADVANCED_FACE('',(#131),#2333,.F.);
#2458=ADVANCED_FACE('',(#132),#2334,.F.);
#2459=ADVANCED_FACE('',(#133),#2335,.F.);
#2460=ADVANCED_FACE('',(#134),#2336,.F.);
#2461=ADVANCED_FACE('',(#135),#2337,.F.);
#2462=ADVANCED_FACE('',(#136),#75,.T.);
#2463=ADVANCED_FACE('',(#137),#2338,.T.);
#2464=ADVANCED_FACE('',(#138),#2339,.T.);
#2465=ADVANCED_FACE('',(#139),#2340,.T.);
#2466=ADVANCED_FACE('',(#140),#2341,.T.);
#2467=ADVANCED_FACE('',(#141),#2342,.T.);
#2468=ADVANCED_FACE('',(#142),#2343,.T.);
#2469=ADVANCED_FACE('',(#143),#2344,.T.);
#2470=ADVANCED_FACE('',(#144),#2345,.T.);
#2471=ADVANCED_FACE('',(#145),#2346,.T.);
#2472=ADVANCED_FACE('',(#146),#2347,.T.);
#2473=ADVANCED_FACE('',(#147),#76,.T.);
#2474=ADVANCED_FACE('',(#148),#2348,.F.);
#2475=ADVANCED_FACE('',(#149),#2349,.F.);
#2476=ADVANCED_FACE('',(#150),#2350,.F.);
#2477=ADVANCED_FACE('',(#151),#2351,.F.);
#2478=ADVANCED_FACE('',(#152),#2352,.F.);
#2479=ADVANCED_FACE('',(#153),#2353,.F.);
#2480=ADVANCED_FACE('',(#154),#2354,.T.);
#2481=ADVANCED_FACE('',(#155),#2355,.T.);
#2482=ADVANCED_FACE('',(#156),#2356,.T.);
#2483=ADVANCED_FACE('',(#157),#2357,.T.);
#2484=ADVANCED_FACE('',(#158),#2358,.T.);
#2485=ADVANCED_FACE('',(#159),#2359,.T.);
#2486=ADVANCED_FACE('',(#160,#21),#2360,.F.);
#2487=ADVANCED_FACE('',(#161),#2361,.T.);
#2488=ADVANCED_FACE('',(#162),#2362,.T.);
#2489=ADVANCED_FACE('',(#163),#2363,.F.);
#2490=ADVANCED_FACE('',(#164),#2364,.T.);
#2491=ADVANCED_FACE('',(#165),#2365,.T.);
#2492=ADVANCED_FACE('',(#166),#2366,.T.);
#2493=ADVANCED_FACE('',(#167),#2367,.T.);
#2494=ADVANCED_FACE('',(#168,#22),#2368,.T.);
#2495=ADVANCED_FACE('',(#169),#2369,.T.);
#2496=ADVANCED_FACE('',(#170),#2370,.T.);
#2497=ADVANCED_FACE('',(#171),#2371,.T.);
#2498=ADVANCED_FACE('',(#172),#2372,.T.);
#2499=ADVANCED_FACE('',(#173),#2373,.F.);
#2500=ADVANCED_FACE('',(#174),#2374,.F.);
#2501=ADVANCED_FACE('',(#175),#2375,.F.);
#2502=ADVANCED_FACE('',(#176),#2376,.F.);
#2503=ADVANCED_FACE('',(#177),#2377,.F.);
#2504=ADVANCED_FACE('',(#178),#2378,.T.);
#2505=ADVANCED_FACE('',(#179),#2379,.T.);
#2506=ADVANCED_FACE('',(#180),#13,.T.);
#2507=ADVANCED_FACE('',(#181),#2380,.T.);
#2508=ADVANCED_FACE('',(#182),#14,.T.);
#2509=ADVANCED_FACE('',(#183),#2381,.T.);
#2510=ADVANCED_FACE('',(#184),#2382,.T.);
#2511=ADVANCED_FACE('',(#185),#2383,.T.);
#2512=ADVANCED_FACE('',(#186),#15,.T.);
#2513=ADVANCED_FACE('',(#187),#2384,.T.);
#2514=ADVANCED_FACE('',(#188),#16,.T.);
#2515=ADVANCED_FACE('',(#189),#2385,.T.);
#2516=ADVANCED_FACE('',(#190),#2386,.T.);
#2517=ADVANCED_FACE('',(#191),#77,.T.);
#2518=ADVANCED_FACE('',(#192),#78,.T.);
#2519=ADVANCED_FACE('',(#193),#2387,.T.);
#2520=ADVANCED_FACE('',(#194),#2388,.T.);
#2521=ADVANCED_FACE('',(#195),#2389,.T.);
#2522=ADVANCED_FACE('',(#196),#79,.T.);
#2523=ADVANCED_FACE('',(#197),#2390,.T.);
#2524=ADVANCED_FACE('',(#198),#80,.T.);
#2525=ADVANCED_FACE('',(#199),#2391,.T.);
#2526=ADVANCED_FACE('',(#200),#2392,.T.);
#2527=ADVANCED_FACE('',(#201),#2393,.T.);
#2528=ADVANCED_FACE('',(#202),#2394,.T.);
#2529=ADVANCED_FACE('',(#203),#2395,.T.);
#2530=ADVANCED_FACE('',(#204),#2396,.T.);
#2531=ADVANCED_FACE('',(#205,#23),#2397,.T.);
#2532=ADVANCED_FACE('',(#206,#24,#25),#2398,.F.);
#2533=ADVANCED_FACE('',(#207,#26,#27),#2399,.T.);
#2534=ADVANCED_FACE('',(#208,#28),#2400,.T.);
#2535=ADVANCED_FACE('',(#209),#81,.F.);
#2536=ADVANCED_FACE('',(#210),#82,.F.);
#2537=ADVANCED_FACE('',(#211),#2401,.F.);
#2538=ADVANCED_FACE('',(#212),#2402,.F.);
#2539=ADVANCED_FACE('',(#213),#2403,.F.);
#2540=ADVANCED_FACE('',(#214),#2404,.F.);
#2541=ADVANCED_FACE('',(#215),#2405,.T.);
#2542=ADVANCED_FACE('',(#216),#2406,.T.);
#2543=ADVANCED_FACE('',(#217),#2407,.T.);
#2544=ADVANCED_FACE('',(#218),#2408,.T.);
#2545=ADVANCED_FACE('',(#219),#2409,.T.);
#2546=ADVANCED_FACE('',(#220),#2410,.F.);
#2547=ADVANCED_FACE('',(#221),#2411,.F.);
#2548=ADVANCED_FACE('',(#222),#17,.T.);
#2549=ADVANCED_FACE('',(#223),#2412,.F.);
#2550=ADVANCED_FACE('',(#224),#18,.T.);
#2551=ADVANCED_FACE('',(#225),#2413,.F.);
#2552=ADVANCED_FACE('',(#226),#2414,.F.);
#2553=ADVANCED_FACE('',(#227),#2415,.F.);
#2554=ADVANCED_FACE('',(#228),#19,.T.);
#2555=ADVANCED_FACE('',(#229),#2416,.F.);
#2556=ADVANCED_FACE('',(#230),#20,.T.);
#2557=ADVANCED_FACE('',(#231),#2417,.F.);
#2558=ADVANCED_FACE('',(#232),#2418,.F.);
#2559=ADVANCED_FACE('',(#233),#83,.T.);
#2560=ADVANCED_FACE('',(#234),#84,.T.);
#2561=ADVANCED_FACE('',(#235),#2419,.F.);
#2562=ADVANCED_FACE('',(#236),#2420,.F.);
#2563=ADVANCED_FACE('',(#237),#2421,.F.);
#2564=ADVANCED_FACE('',(#238),#85,.T.);
#2565=ADVANCED_FACE('',(#239),#2422,.F.);
#2566=ADVANCED_FACE('',(#240),#86,.T.);
#2567=ADVANCED_FACE('',(#241),#2423,.F.);
#2568=ADVANCED_FACE('',(#242),#2424,.F.);
#2569=ADVANCED_FACE('',(#243),#2425,.F.);
#2570=ADVANCED_FACE('',(#244),#2426,.F.);
#2571=ADVANCED_FACE('',(#245),#2427,.F.);
#2572=ADVANCED_FACE('',(#246),#2428,.F.);
#2573=ADVANCED_FACE('',(#247,#29),#2429,.F.);
#2574=ADVANCED_FACE('',(#248,#30,#31),#2430,.T.);
#2575=ADVANCED_FACE('',(#249,#32,#33),#2431,.F.);
#2576=ADVANCED_FACE('',(#250,#34),#2432,.F.);
#2577=ADVANCED_FACE('',(#251),#87,.F.);
#2578=ADVANCED_FACE('',(#252),#88,.F.);
#2579=CLOSED_SHELL('',(#2433,#2434,#2435,#2436,#2437,#2438));
#2580=CLOSED_SHELL('',(#2439,#2440,#2441,#2442,#2443,#2444));
#2581=CLOSED_SHELL('',(#2445,#2446,#2447,#2448,#2449,#2450));
#2582=CLOSED_SHELL('',(#2451,#2452,#2453,#2454,#2455,#2456));
#2583=CLOSED_SHELL('',(#2457,#2458,#2459,#2460,#2461,#2462,#2463,#2464,
#2465,#2466,#2467,#2468,#2469,#2470,#2471,#2472,#2473,#2474,#2475,#2476,
#2477,#2478,#2479,#2480,#2481,#2482,#2483,#2484,#2485,#2486,#2487,#2488,
#2489,#2490,#2491,#2492,#2493,#2494));
#2584=CLOSED_SHELL('',(#2495,#2496,#2497,#2498,#2499,#2500,#2501,#2502,
#2503,#2504,#2505,#2506,#2507,#2508,#2509,#2510,#2511,#2512,#2513,#2514,
#2515,#2516,#2517,#2518,#2519,#2520,#2521,#2522,#2523,#2524,#2525,#2526,
#2527,#2528,#2529,#2530,#2531,#2532,#2533,#2534,#2535,#2536));
#2585=CLOSED_SHELL('',(#2537,#2538,#2539,#2540,#2541,#2542,#2543,#2544,
#2545,#2546,#2547,#2548,#2549,#2550,#2551,#2552,#2553,#2554,#2555,#2556,
#2557,#2558,#2559,#2560,#2561,#2562,#2563,#2564,#2565,#2566,#2567,#2568,
#2569,#2570,#2571,#2572,#2573,#2574,#2575,#2576,#2577,#2578));
#2586=DERIVED_UNIT_ELEMENT(#2588,1.);
#2587=DERIVED_UNIT_ELEMENT(#4207,-3.);
#2588=(
MASS_UNIT()
NAMED_UNIT(*)
SI_UNIT(.KILO.,.GRAM.)
);
#2589=DERIVED_UNIT((#2586,#2587));
#2590=MEASURE_REPRESENTATION_ITEM('density measure',
POSITIVE_RATIO_MEASURE(7850.),#2589);
#2591=PROPERTY_DEFINITION_REPRESENTATION(#2596,#2593);
#2592=PROPERTY_DEFINITION_REPRESENTATION(#2597,#2594);
#2593=REPRESENTATION('material name',(#2595),#4204);
#2594=REPRESENTATION('density',(#2590),#4204);
#2595=DESCRIPTIVE_REPRESENTATION_ITEM('Steel','Steel');
#2596=PROPERTY_DEFINITION('material property','material name',#4214);
#2597=PROPERTY_DEFINITION('material property','density of part',#4214);
#2598=AXIS2_PLACEMENT_3D('',#3479,#2789,#2790);
#2599=AXIS2_PLACEMENT_3D('',#3480,#2791,#2792);
#2600=AXIS2_PLACEMENT_3D('',#3489,#2797,#2798);
#2601=AXIS2_PLACEMENT_3D('',#3495,#2802,#2803);
#2602=AXIS2_PLACEMENT_3D('',#3501,#2807,#2808);
#2603=AXIS2_PLACEMENT_3D('',#3504,#2811,#2812);
#2604=AXIS2_PLACEMENT_3D('',#3505,#2813,#2814);
#2605=AXIS2_PLACEMENT_3D('',#3506,#2815,#2816);
#2606=AXIS2_PLACEMENT_3D('',#3515,#2821,#2822);
#2607=AXIS2_PLACEMENT_3D('',#3521,#2826,#2827);
#2608=AXIS2_PLACEMENT_3D('',#3527,#2831,#2832);
#2609=AXIS2_PLACEMENT_3D('',#3530,#2835,#2836);
#2610=AXIS2_PLACEMENT_3D('',#3531,#2837,#2838);
#2611=AXIS2_PLACEMENT_3D('',#3532,#2839,#2840);
#2612=AXIS2_PLACEMENT_3D('',#3541,#2845,#2846);
#2613=AXIS2_PLACEMENT_3D('',#3547,#2850,#2851);
#2614=AXIS2_PLACEMENT_3D('',#3553,#2855,#2856);
#2615=AXIS2_PLACEMENT_3D('',#3556,#2859,#2860);
#2616=AXIS2_PLACEMENT_3D('',#3557,#2861,#2862);
#2617=AXIS2_PLACEMENT_3D('',#3558,#2863,#2864);
#2618=AXIS2_PLACEMENT_3D('',#3567,#2869,#2870);
#2619=AXIS2_PLACEMENT_3D('',#3573,#2874,#2875);
#2620=AXIS2_PLACEMENT_3D('',#3579,#2879,#2880);
#2621=AXIS2_PLACEMENT_3D('',#3582,#2883,#2884);
#2622=AXIS2_PLACEMENT_3D('',#3583,#2885,#2886);
#2623=AXIS2_PLACEMENT_3D('',#3584,#2887,#2888);
#2624=AXIS2_PLACEMENT_3D('',#3595,#2894,#2895);
#2625=AXIS2_PLACEMENT_3D('',#3597,#2896,#2897);
#2626=AXIS2_PLACEMENT_3D('',#3601,#2900,#2901);
#2627=AXIS2_PLACEMENT_3D('',#3607,#2905,#2906);
#2628=AXIS2_PLACEMENT_3D('',#3612,#2910,#2911);
#2629=AXIS2_PLACEMENT_3D('',#3613,#2912,#2913);
#2630=AXIS2_PLACEMENT_3D('',#3615,#2914,#2915);
#2631=AXIS2_PLACEMENT_3D('',#3619,#2917,#2918);
#2632=AXIS2_PLACEMENT_3D('',#3623,#2920,#2921);
#2633=AXIS2_PLACEMENT_3D('',#3627,#2923,#2924);
#2634=AXIS2_PLACEMENT_3D('',#3630,#2926,#2927);
#2635=AXIS2_PLACEMENT_3D('',#3631,#2928,#2929);
#2636=AXIS2_PLACEMENT_3D('',#3637,#2933,#2934);
#2637=AXIS2_PLACEMENT_3D('',#3643,#2938,#2939);
#2638=AXIS2_PLACEMENT_3D('',#3649,#2943,#2944);
#2639=AXIS2_PLACEMENT_3D('',#3652,#2947,#2948);
#2640=AXIS2_PLACEMENT_3D('',#3653,#2949,#2950);
#2641=AXIS2_PLACEMENT_3D('',#3656,#2951,#2952);
#2642=AXIS2_PLACEMENT_3D('',#3662,#2956,#2957);
#2643=AXIS2_PLACEMENT_3D('',#3670,#2962,#2963);
#2644=AXIS2_PLACEMENT_3D('',#3676,#2967,#2968);
#2645=AXIS2_PLACEMENT_3D('',#3681,#2972,#2973);
#2646=AXIS2_PLACEMENT_3D('',#3682,#2974,#2975);
#2647=AXIS2_PLACEMENT_3D('',#3684,#2976,#2977);
#2648=AXIS2_PLACEMENT_3D('',#3688,#2979,#2980);
#2649=AXIS2_PLACEMENT_3D('',#3692,#2982,#2983);
#2650=AXIS2_PLACEMENT_3D('',#3696,#2985,#2986);
#2651=AXIS2_PLACEMENT_3D('',#3699,#2988,#2989);
#2652=AXIS2_PLACEMENT_3D('',#3700,#2990,#2991);
#2653=AXIS2_PLACEMENT_3D('',#3708,#2996,#2997);
#2654=AXIS2_PLACEMENT_3D('',#3714,#3001,#3002);
#2655=AXIS2_PLACEMENT_3D('',#3719,#3006,#3007);
#2656=AXIS2_PLACEMENT_3D('',#3721,#3009,#3010);
#2657=AXIS2_PLACEMENT_3D('',#3722,#3011,#3012);
#2658=AXIS2_PLACEMENT_3D('',#3724,#3014,#3015);
#2659=AXIS2_PLACEMENT_3D('',#3733,#3020,#3021);
#2660=AXIS2_PLACEMENT_3D('',#3739,#3025,#3026);
#2661=AXIS2_PLACEMENT_3D('',#3745,#3030,#3031);
#2662=AXIS2_PLACEMENT_3D('',#3748,#3034,#3035);
#2663=AXIS2_PLACEMENT_3D('',#3754,#3039,#3040);
#2664=AXIS2_PLACEMENT_3D('',#3758,#3043,#3044);
#2665=AXIS2_PLACEMENT_3D('',#3767,#3049,#3050);
#2666=AXIS2_PLACEMENT_3D('',#3770,#3053,#3054);
#2667=AXIS2_PLACEMENT_3D('',#3774,#3058,#3059);
#2668=AXIS2_PLACEMENT_3D('',#3775,#3060,#3061);
#2669=AXIS2_PLACEMENT_3D('',#3779,#3064,#3065);
#2670=AXIS2_PLACEMENT_3D('',#3781,#3067,#3068);
#2671=AXIS2_PLACEMENT_3D('',#3783,#3070,#3071);
#2672=AXIS2_PLACEMENT_3D('',#3785,#3073,#3074);
#2673=AXIS2_PLACEMENT_3D('',#3786,#3075,#3076);
#2674=AXIS2_PLACEMENT_3D('',#3795,#3081,#3082);
#2675=AXIS2_PLACEMENT_3D('',#3801,#3086,#3087);
#2676=AXIS2_PLACEMENT_3D('',#3807,#3091,#3092);
#2677=AXIS2_PLACEMENT_3D('',#3810,#3095,#3096);
#2678=AXIS2_PLACEMENT_3D('',#3811,#3097,#3098);
#2679=AXIS2_PLACEMENT_3D('',#3820,#3103,#3104);
#2680=AXIS2_PLACEMENT_3D('',#3826,#3108,#3109);
#2681=AXIS2_PLACEMENT_3D('',#3832,#3113,#3114);
#2682=AXIS2_PLACEMENT_3D('',#3835,#3117,#3118);
#2683=AXIS2_PLACEMENT_3D('',#3836,#3119,#3120);
#2684=AXIS2_PLACEMENT_3D('',#3845,#3125,#3126);
#2685=AXIS2_PLACEMENT_3D('',#3847,#3127,#3128);
#2686=AXIS2_PLACEMENT_3D('',#3850,#3130,#3131);
#2687=AXIS2_PLACEMENT_3D('',#3851,#3132,#3133);
#2688=AXIS2_PLACEMENT_3D('',#3857,#3137,#3138);
#2689=AXIS2_PLACEMENT_3D('',#3859,#3139,#3140);
#2690=AXIS2_PLACEMENT_3D('',#3862,#3142,#3143);
#2691=AXIS2_PLACEMENT_3D('',#3863,#3144,#3145);
#2692=AXIS2_PLACEMENT_3D('',#3869,#3149,#3150);
#2693=AXIS2_PLACEMENT_3D('',#3875,#3154,#3155);
#2694=AXIS2_PLACEMENT_3D('',#3884,#3160,#3161);
#2695=AXIS2_PLACEMENT_3D('',#3886,#3162,#3163);
#2696=AXIS2_PLACEMENT_3D('',#3889,#3165,#3166);
#2697=AXIS2_PLACEMENT_3D('',#3890,#3167,#3168);
#2698=AXIS2_PLACEMENT_3D('',#3896,#3172,#3173);
#2699=AXIS2_PLACEMENT_3D('',#3898,#3174,#3175);
#2700=AXIS2_PLACEMENT_3D('',#3901,#3177,#3178);
#2701=AXIS2_PLACEMENT_3D('',#3902,#3179,#3180);
#2702=AXIS2_PLACEMENT_3D('',#3905,#3183,#3184);
#2703=AXIS2_PLACEMENT_3D('',#3911,#3188,#3189);
#2704=AXIS2_PLACEMENT_3D('',#3914,#3191,#3192);
#2705=AXIS2_PLACEMENT_3D('',#3915,#3193,#3194);
#2706=AXIS2_PLACEMENT_3D('',#3919,#3196,#3197);
#2707=AXIS2_PLACEMENT_3D('',#3921,#3199,#3200);
#2708=AXIS2_PLACEMENT_3D('',#3925,#3203,#3204);
#2709=AXIS2_PLACEMENT_3D('',#3937,#3211,#3212);
#2710=AXIS2_PLACEMENT_3D('',#3941,#3215,#3216);
#2711=AXIS2_PLACEMENT_3D('',#3944,#3218,#3219);
#2712=AXIS2_PLACEMENT_3D('',#3945,#3220,#3221);
#2713=AXIS2_PLACEMENT_3D('',#3954,#3227,#3228);
#2714=AXIS2_PLACEMENT_3D('',#3957,#3230,#3231);
#2715=AXIS2_PLACEMENT_3D('',#3958,#3232,#3233);
#2716=AXIS2_PLACEMENT_3D('',#3963,#3237,#3238);
#2717=AXIS2_PLACEMENT_3D('',#3965,#3240,#3241);
#2718=AXIS2_PLACEMENT_3D('',#3971,#3245,#3246);
#2719=AXIS2_PLACEMENT_3D('',#3974,#3249,#3250);
#2720=AXIS2_PLACEMENT_3D('',#3977,#3253,#3254);
#2721=AXIS2_PLACEMENT_3D('',#3978,#3255,#3256);
#2722=AXIS2_PLACEMENT_3D('',#3980,#3257,#3258);
#2723=AXIS2_PLACEMENT_3D('',#3981,#3259,#3260);
#2724=AXIS2_PLACEMENT_3D('',#3983,#3261,#3262);
#2725=AXIS2_PLACEMENT_3D('',#3985,#3263,#3264);
#2726=AXIS2_PLACEMENT_3D('',#3986,#3265,#3266);
#2727=AXIS2_PLACEMENT_3D('',#3987,#3267,#3268);
#2728=AXIS2_PLACEMENT_3D('',#3989,#3269,#3270);
#2729=AXIS2_PLACEMENT_3D('',#3990,#3271,#3272);
#2730=AXIS2_PLACEMENT_3D('',#3992,#3274,#3275);
#2731=AXIS2_PLACEMENT_3D('',#3994,#3277,#3278);
#2732=AXIS2_PLACEMENT_3D('',#4003,#3283,#3284);
#2733=AXIS2_PLACEMENT_3D('',#4009,#3288,#3289);
#2734=AXIS2_PLACEMENT_3D('',#4015,#3293,#3294);
#2735=AXIS2_PLACEMENT_3D('',#4018,#3297,#3298);
#2736=AXIS2_PLACEMENT_3D('',#4019,#3299,#3300);
#2737=AXIS2_PLACEMENT_3D('',#4028,#3305,#3306);
#2738=AXIS2_PLACEMENT_3D('',#4034,#3310,#3311);
#2739=AXIS2_PLACEMENT_3D('',#4040,#3315,#3316);
#2740=AXIS2_PLACEMENT_3D('',#4043,#3319,#3320);
#2741=AXIS2_PLACEMENT_3D('',#4044,#3321,#3322);
#2742=AXIS2_PLACEMENT_3D('',#4053,#3327,#3328);
#2743=AXIS2_PLACEMENT_3D('',#4055,#3329,#3330);
#2744=AXIS2_PLACEMENT_3D('',#4058,#3332,#3333);
#2745=AXIS2_PLACEMENT_3D('',#4059,#3334,#3335);
#2746=AXIS2_PLACEMENT_3D('',#4065,#3339,#3340);
#2747=AXIS2_PLACEMENT_3D('',#4067,#3341,#3342);
#2748=AXIS2_PLACEMENT_3D('',#4070,#3344,#3345);
#2749=AXIS2_PLACEMENT_3D('',#4071,#3346,#3347);
#2750=AXIS2_PLACEMENT_3D('',#4077,#3351,#3352);
#2751=AXIS2_PLACEMENT_3D('',#4083,#3356,#3357);
#2752=AXIS2_PLACEMENT_3D('',#4092,#3362,#3363);
#2753=AXIS2_PLACEMENT_3D('',#4094,#3364,#3365);
#2754=AXIS2_PLACEMENT_3D('',#4097,#3367,#3368);
#2755=AXIS2_PLACEMENT_3D('',#4098,#3369,#3370);
#2756=AXIS2_PLACEMENT_3D('',#4104,#3374,#3375);
#2757=AXIS2_PLACEMENT_3D('',#4106,#3376,#3377);
#2758=AXIS2_PLACEMENT_3D('',#4109,#3379,#3380);
#2759=AXIS2_PLACEMENT_3D('',#4110,#3381,#3382);
#2760=AXIS2_PLACEMENT_3D('',#4113,#3385,#3386);
#2761=AXIS2_PLACEMENT_3D('',#4119,#3390,#3391);
#2762=AXIS2_PLACEMENT_3D('',#4121,#3392,#3393);
#2763=AXIS2_PLACEMENT_3D('',#4123,#3395,#3396);
#2764=AXIS2_PLACEMENT_3D('',#4127,#3398,#3399);
#2765=AXIS2_PLACEMENT_3D('',#4129,#3401,#3402);
#2766=AXIS2_PLACEMENT_3D('',#4133,#3405,#3406);
#2767=AXIS2_PLACEMENT_3D('',#4145,#3413,#3414);
#2768=AXIS2_PLACEMENT_3D('',#4149,#3417,#3418);
#2769=AXIS2_PLACEMENT_3D('',#4151,#3419,#3420);
#2770=AXIS2_PLACEMENT_3D('',#4153,#3422,#3423);
#2771=AXIS2_PLACEMENT_3D('',#4162,#3429,#3430);
#2772=AXIS2_PLACEMENT_3D('',#4164,#3431,#3432);
#2773=AXIS2_PLACEMENT_3D('',#4166,#3434,#3435);
#2774=AXIS2_PLACEMENT_3D('',#4171,#3439,#3440);
#2775=AXIS2_PLACEMENT_3D('',#4173,#3442,#3443);
#2776=AXIS2_PLACEMENT_3D('',#4179,#3447,#3448);
#2777=AXIS2_PLACEMENT_3D('',#4182,#3451,#3452);
#2778=AXIS2_PLACEMENT_3D('',#4185,#3455,#3456);
#2779=AXIS2_PLACEMENT_3D('',#4186,#3457,#3458);
#2780=AXIS2_PLACEMENT_3D('',#4188,#3459,#3460);
#2781=AXIS2_PLACEMENT_3D('',#4189,#3461,#3462);
#2782=AXIS2_PLACEMENT_3D('',#4191,#3463,#3464);
#2783=AXIS2_PLACEMENT_3D('',#4193,#3465,#3466);
#2784=AXIS2_PLACEMENT_3D('',#4194,#3467,#3468);
#2785=AXIS2_PLACEMENT_3D('',#4195,#3469,#3470);
#2786=AXIS2_PLACEMENT_3D('',#4197,#3471,#3472);
#2787=AXIS2_PLACEMENT_3D('',#4198,#3473,#3474);
#2788=AXIS2_PLACEMENT_3D('',#4200,#3476,#3477);
#2789=DIRECTION('axis',(0.,0.,1.));
#2790=DIRECTION('refdir',(1.,0.,0.));
#2791=DIRECTION('center_axis',(-0.57733063242731,-1.50990331349021E-14,
0.816510465861328));
#2792=DIRECTION('ref_axis',(0.804105837195844,0.17364817766693,0.568559682865858));
#2793=DIRECTION('',(-0.804105837195844,-0.17364817766693,-0.568559682865858));
#2794=DIRECTION('',(-0.141785554442804,0.984807753012208,-0.100252412232287));
#2795=DIRECTION('',(0.804105837195844,0.17364817766693,0.568559682865858));
#2796=DIRECTION('',(-0.141785554442804,0.984807753012208,-0.100252412232287));
#2797=DIRECTION('center_axis',(-0.804105837195894,-0.17364817766693,-0.568559682865787));
#2798=DIRECTION('ref_axis',(-0.57733063242724,0.,0.816510465861377));
#2799=DIRECTION('',(0.57733063242724,0.,-0.816510465861377));
#2800=DIRECTION('',(-0.57733063242724,0.,0.816510465861377));
#2801=DIRECTION('',(-0.141785554442804,0.984807753012208,-0.100252412232287));
#2802=DIRECTION('center_axis',(0.577330632426854,-8.33361157859258E-14,
-0.81651046586165));
#2803=DIRECTION('ref_axis',(-0.804105837196171,-0.17364817766693,-0.568559682865395));
#2804=DIRECTION('',(0.804105837196171,0.17364817766693,0.568559682865395));
#2805=DIRECTION('',(-0.804105837196171,-0.17364817766693,-0.568559682865395));
#2806=DIRECTION('',(-0.141785554442804,0.984807753012208,-0.100252412232287));
#2807=DIRECTION('center_axis',(0.804105837195897,0.17364817766693,0.568559682865784));
#2808=DIRECTION('ref_axis',(0.577330632427236,-7.7715611723761E-16,-0.81651046586138));
#2809=DIRECTION('',(-0.577330632427236,7.7715611723761E-16,0.81651046586138));
#2810=DIRECTION('',(0.577330632427236,-7.7715611723761E-16,-0.81651046586138));
#2811=DIRECTION('center_axis',(-0.141785554442804,0.984807753012208,-0.100252412232287));
#2812=DIRECTION('ref_axis',(-0.00716157211246843,0.100252412232287,0.994936262142699));
#2813=DIRECTION('center_axis',(-0.141785554442804,0.984807753012208,-0.100252412232287));
#2814=DIRECTION('ref_axis',(0.989871490869509,0.141785554442804,-0.00716157211246843));
#2815=DIRECTION('center_axis',(0.57733063242731,1.50990331349021E-14,0.816510465861328));
#2816=DIRECTION('ref_axis',(0.804105837195844,0.17364817766693,-0.568559682865858));
#2817=DIRECTION('',(-0.804105837195844,-0.17364817766693,0.568559682865858));
#2818=DIRECTION('',(-0.141785554442804,0.984807753012208,0.100252412232287));
#2819=DIRECTION('',(0.804105837195844,0.17364817766693,-0.568559682865858));
#2820=DIRECTION('',(-0.141785554442804,0.984807753012208,0.100252412232287));
#2821=DIRECTION('center_axis',(0.804105837195894,0.17364817766693,-0.568559682865787));
#2822=DIRECTION('ref_axis',(-0.57733063242724,0.,-0.816510465861377));
#2823=DIRECTION('',(0.57733063242724,0.,0.816510465861377));
#2824=DIRECTION('',(-0.141785554442804,0.984807753012208,0.100252412232287));
#2825=DIRECTION('',(-0.57733063242724,0.,-0.816510465861377));
#2826=DIRECTION('center_axis',(-0.577330632426854,8.33361157859258E-14,
-0.81651046586165));
#2827=DIRECTION('ref_axis',(-0.804105837196171,-0.17364817766693,0.568559682865395));
#2828=DIRECTION('',(0.804105837196171,0.17364817766693,-0.568559682865395));
#2829=DIRECTION('',(-0.141785554442804,0.984807753012208,0.100252412232287));
#2830=DIRECTION('',(-0.804105837196171,-0.17364817766693,0.568559682865395));
#2831=DIRECTION('center_axis',(-0.804105837195897,-0.17364817766693,0.568559682865784));
#2832=DIRECTION('ref_axis',(0.577330632427236,-7.7715611723761E-16,0.81651046586138));
#2833=DIRECTION('',(-0.577330632427236,7.7715611723761E-16,-0.81651046586138));
#2834=DIRECTION('',(0.577330632427236,-7.7715611723761E-16,0.81651046586138));
#2835=DIRECTION('center_axis',(0.141785554442804,-0.984807753012208,-0.100252412232287));
#2836=DIRECTION('ref_axis',(-0.00716157211246843,0.100252412232287,-0.994936262142699));
#2837=DIRECTION('center_axis',(0.141785554442804,-0.984807753012208,-0.100252412232287));
#2838=DIRECTION('ref_axis',(0.989871490869509,0.141785554442804,0.00716157211246843));
#2839=DIRECTION('center_axis',(-0.57733063242731,1.50990331349021E-14,-0.816510465861328));
#2840=DIRECTION('ref_axis',(-0.804105837195844,0.17364817766693,0.568559682865858));
#2841=DIRECTION('',(0.804105837195844,-0.17364817766693,-0.568559682865858));
#2842=DIRECTION('',(0.141785554442804,0.984807753012208,-0.100252412232287));
#2843=DIRECTION('',(-0.804105837195844,0.17364817766693,0.568559682865858));
#2844=DIRECTION('',(0.141785554442804,0.984807753012208,-0.100252412232287));
#2845=DIRECTION('center_axis',(-0.804105837195894,0.17364817766693,0.568559682865787));
#2846=DIRECTION('ref_axis',(0.57733063242724,0.,0.816510465861377));
#2847=DIRECTION('',(-0.57733063242724,0.,-0.816510465861377));
#2848=DIRECTION('',(0.141785554442804,0.984807753012208,-0.100252412232287));
#2849=DIRECTION('',(0.57733063242724,0.,0.816510465861377));
#2850=DIRECTION('center_axis',(0.577330632426854,8.33361157859258E-14,0.81651046586165));
#2851=DIRECTION('ref_axis',(0.804105837196171,-0.17364817766693,-0.568559682865395));
#2852=DIRECTION('',(-0.804105837196171,0.17364817766693,0.568559682865395));
#2853=DIRECTION('',(0.141785554442804,0.984807753012208,-0.100252412232287));
#2854=DIRECTION('',(0.804105837196171,-0.17364817766693,-0.568559682865395));
#2855=DIRECTION('center_axis',(0.804105837195897,-0.17364817766693,-0.568559682865784));
#2856=DIRECTION('ref_axis',(-0.577330632427236,-7.7715611723761E-16,-0.81651046586138));
#2857=DIRECTION('',(0.577330632427236,7.7715611723761E-16,0.81651046586138));
#2858=DIRECTION('',(-0.577330632427236,-7.7715611723761E-16,-0.81651046586138));
#2859=DIRECTION('center_axis',(-0.141785554442804,-0.984807753012208,0.100252412232287));
#2860=DIRECTION('ref_axis',(0.00716157211246843,0.100252412232287,0.994936262142699));
#2861=DIRECTION('center_axis',(-0.141785554442804,-0.984807753012208,0.100252412232287));
#2862=DIRECTION('ref_axis',(-0.989871490869509,0.141785554442804,-0.00716157211246843));
#2863=DIRECTION('center_axis',(0.57733063242731,-1.50990331349021E-14,-0.816510465861328));
#2864=DIRECTION('ref_axis',(-0.804105837195844,0.17364817766693,-0.568559682865858));
#2865=DIRECTION('',(0.804105837195844,-0.17364817766693,0.568559682865858));
#2866=DIRECTION('',(0.141785554442804,0.984807753012208,0.100252412232287));
#2867=DIRECTION('',(-0.804105837195844,0.17364817766693,-0.568559682865858));
#2868=DIRECTION('',(0.141785554442804,0.984807753012208,0.100252412232287));
#2869=DIRECTION('center_axis',(0.804105837195894,-0.17364817766693,0.568559682865787));
#2870=DIRECTION('ref_axis',(0.57733063242724,0.,-0.816510465861377));
#2871=DIRECTION('',(-0.57733063242724,0.,0.816510465861377));
#2872=DIRECTION('',(0.57733063242724,0.,-0.816510465861377));
#2873=DIRECTION('',(0.141785554442804,0.984807753012208,0.100252412232287));
#2874=DIRECTION('center_axis',(-0.577330632426854,-8.33361157859258E-14,
0.81651046586165));
#2875=DIRECTION('ref_axis',(0.804105837196171,-0.17364817766693,0.568559682865395));
#2876=DIRECTION('',(-0.804105837196171,0.17364817766693,-0.568559682865395));
#2877=DIRECTION('',(0.804105837196171,-0.17364817766693,0.568559682865395));
#2878=DIRECTION('',(0.141785554442804,0.984807753012208,0.100252412232287));
#2879=DIRECTION('center_axis',(-0.804105837195897,0.17364817766693,-0.568559682865784));
#2880=DIRECTION('ref_axis',(-0.577330632427236,-7.7715611723761E-16,0.81651046586138));
#2881=DIRECTION('',(0.577330632427236,7.7715611723761E-16,-0.81651046586138));
#2882=DIRECTION('',(-0.577330632427236,-7.7715611723761E-16,0.81651046586138));
#2883=DIRECTION('center_axis',(0.141785554442804,0.984807753012208,0.100252412232287));
#2884=DIRECTION('ref_axis',(0.00716157211246843,0.100252412232287,-0.994936262142699));
#2885=DIRECTION('center_axis',(0.141785554442804,0.984807753012208,0.100252412232287));
#2886=DIRECTION('ref_axis',(-0.989871490869509,0.141785554442804,0.00716157211246843));
#2887=DIRECTION('center_axis',(0.57733063242731,-1.50990331349021E-14,-0.816510465861328));
#2888=DIRECTION('ref_axis',(-0.804105837195844,0.17364817766693,-0.568559682865858));
#2889=DIRECTION('',(-0.816510465861328,0.,-0.57733063242731));
#2890=DIRECTION('',(0.141785554442804,0.984807753012208,0.100252412232287));
#2891=DIRECTION('',(-0.804105837195844,0.17364817766693,-0.568559682865858));
#2892=DIRECTION('',(0.141785554442804,0.984807753012208,0.100252412232287));
#2893=DIRECTION('',(0.,1.,0.));
#2894=DIRECTION('center_axis',(-0.804105837195897,0.17364817766693,-0.568559682865784));
#2895=DIRECTION('ref_axis',(-0.577330632427236,-7.7715611723761E-16,0.81651046586138));
#2896=DIRECTION('center_axis',(-0.804105837195897,0.17364817766693,-0.568559682865784));
#2897=DIRECTION('ref_axis',(-0.141785554442805,-0.984807753012208,-0.100252412232286));
#2898=DIRECTION('',(-0.577330632427236,-7.7715611723761E-16,0.81651046586138));
#2899=DIRECTION('',(0.141785554442804,0.984807753012208,0.100252412232287));
#2900=DIRECTION('center_axis',(0.804105837195894,-0.17364817766693,0.568559682865787));
#2901=DIRECTION('ref_axis',(0.57733063242724,0.,-0.816510465861377));
#2902=DIRECTION('',(0.57733063242724,0.,-0.816510465861377));
#2903=DIRECTION('',(0.141785554442804,0.984807753012208,0.100252412232287));
#2904=DIRECTION('',(0.57733063242724,0.,-0.816510465861377));
#2905=DIRECTION('center_axis',(-0.577330632426854,-8.33361157859258E-14,
0.81651046586165));
#2906=DIRECTION('ref_axis',(0.804105837196171,-0.17364817766693,0.568559682865395));
#2907=DIRECTION('',(0.81651046586165,0.,0.577330632426854));
#2908=DIRECTION('',(0.,-1.,0.));
#2909=DIRECTION('',(0.804105837196171,-0.17364817766693,0.568559682865395));
#2910=DIRECTION('center_axis',(0.141785554442804,0.984807753012208,0.100252412232287));
#2911=DIRECTION('ref_axis',(0.00716157211246843,0.100252412232287,-0.994936262142699));
#2912=DIRECTION('center_axis',(0.,1.,0.));
#2913=DIRECTION('ref_axis',(0.,0.,-1.));
#2914=DIRECTION('center_axis',(0.,-1.,0.));
#2915=DIRECTION('ref_axis',(0.,0.,-1.));
#2916=DIRECTION('',(0.,1.,0.));
#2917=DIRECTION('center_axis',(-0.804105837195897,0.17364817766693,0.568559682865784));
#2918=DIRECTION('ref_axis',(0.141785554442805,0.984807753012208,-0.100252412232286));
#2919=DIRECTION('',(0.,-1.,0.));
#2920=DIRECTION('center_axis',(0.,-1.,0.));
#2921=DIRECTION('ref_axis',(0.,0.,-1.));
#2922=DIRECTION('',(0.,1.,0.));
#2923=DIRECTION('center_axis',(0.,1.,0.));
#2924=DIRECTION('ref_axis',(0.,0.,-1.));
#2925=DIRECTION('',(0.,1.,0.));
#2926=DIRECTION('center_axis',(0.,-1.,0.));
#2927=DIRECTION('ref_axis',(0.,0.,-1.));
#2928=DIRECTION('center_axis',(0.804105837195897,-0.17364817766693,-0.568559682865784));
#2929=DIRECTION('ref_axis',(-0.577330632427236,-7.7715611723761E-16,-0.81651046586138));
#2930=DIRECTION('',(0.141785554442804,0.984807753012208,-0.100252412232287));
#2931=DIRECTION('',(-0.577330632427236,-7.7715611723761E-16,-0.81651046586138));
#2932=DIRECTION('',(0.141785554442804,0.984807753012208,-0.100252412232287));
#2933=DIRECTION('center_axis',(-0.57733063242731,1.50990331349021E-14,-0.816510465861328));
#2934=DIRECTION('ref_axis',(-0.804105837195844,0.17364817766693,0.568559682865858));
#2935=DIRECTION('',(-0.804105837195844,0.17364817766693,0.568559682865858));
#2936=DIRECTION('',(0.141785554442804,0.984807753012208,-0.100252412232287));
#2937=DIRECTION('',(0.816510465861328,0.,-0.57733063242731));
#2938=DIRECTION('center_axis',(-0.804105837195894,0.17364817766693,0.568559682865787));
#2939=DIRECTION('ref_axis',(0.57733063242724,0.,0.816510465861377));
#2940=DIRECTION('',(-0.57733063242724,0.,-0.816510465861377));
#2941=DIRECTION('',(0.57733063242724,0.,0.816510465861377));
#2942=DIRECTION('',(0.141785554442804,0.984807753012208,-0.100252412232287));
#2943=DIRECTION('center_axis',(0.577330632426854,8.33361157859258E-14,0.81651046586165));
#2944=DIRECTION('ref_axis',(0.804105837196171,-0.17364817766693,-0.568559682865395));
#2945=DIRECTION('',(-0.81651046586165,0.,0.577330632426854));
#2946=DIRECTION('',(0.804105837196171,-0.17364817766693,-0.568559682865395));
#2947=DIRECTION('center_axis',(-0.141785554442804,-0.984807753012208,0.100252412232287));
#2948=DIRECTION('ref_axis',(0.00716157211246843,0.100252412232287,0.994936262142699));
#2949=DIRECTION('center_axis',(-0.804105837195897,-0.17364817766693,0.568559682865784));
#2950=DIRECTION('ref_axis',(0.577330632427236,-7.7715611723761E-16,0.81651046586138));
#2951=DIRECTION('center_axis',(0.804105837195897,0.17364817766693,-0.568559682865784));
#2952=DIRECTION('ref_axis',(-0.141785554442805,0.984807753012208,0.100252412232286));
#2953=DIRECTION('',(-0.141785554442804,0.984807753012208,0.100252412232287));
#2954=DIRECTION('',(0.577330632427236,-7.7715611723761E-16,0.81651046586138));
#2955=DIRECTION('',(-0.141785554442804,0.984807753012208,0.100252412232287));
#2956=DIRECTION('center_axis',(0.57733063242731,1.50990331349021E-14,0.816510465861328));
#2957=DIRECTION('ref_axis',(0.804105837195844,0.17364817766693,-0.568559682865858));
#2958=DIRECTION('',(0.,-1.,0.));
#2959=DIRECTION('',(0.804105837195844,0.17364817766693,-0.568559682865858));
#2960=DIRECTION('',(-0.141785554442804,0.984807753012208,0.100252412232287));
#2961=DIRECTION('',(-0.816510465861328,0.,0.57733063242731));
#2962=DIRECTION('center_axis',(0.804105837195894,0.17364817766693,-0.568559682865787));
#2963=DIRECTION('ref_axis',(-0.57733063242724,0.,-0.816510465861377));
#2964=DIRECTION('',(0.57733063242724,0.,0.816510465861377));
#2965=DIRECTION('',(-0.57733063242724,0.,-0.816510465861377));
#2966=DIRECTION('',(-0.141785554442804,0.984807753012208,0.100252412232287));
#2967=DIRECTION('center_axis',(-0.577330632426854,8.33361157859258E-14,
-0.81651046586165));
#2968=DIRECTION('ref_axis',(-0.804105837196171,-0.17364817766693,0.568559682865395));
#2969=DIRECTION('',(0.,1.,0.));
#2970=DIRECTION('',(0.81651046586165,0.,-0.577330632426854));
#2971=DIRECTION('',(-0.804105837196171,-0.17364817766693,0.568559682865395));
#2972=DIRECTION('center_axis',(0.141785554442804,-0.984807753012208,-0.100252412232287));
#2973=DIRECTION('ref_axis',(-0.00716157211246843,0.100252412232287,-0.994936262142699));
#2974=DIRECTION('center_axis',(0.,1.,0.));
#2975=DIRECTION('ref_axis',(0.,0.,1.));
#2976=DIRECTION('center_axis',(0.,-1.,0.));
#2977=DIRECTION('ref_axis',(0.,0.,1.));
#2978=DIRECTION('',(0.,1.,0.));
#2979=DIRECTION('center_axis',(0.,1.,0.));
#2980=DIRECTION('ref_axis',(0.,0.,1.));
#2981=DIRECTION('',(0.,-1.,0.));
#2982=DIRECTION('center_axis',(0.,-1.,0.));
#2983=DIRECTION('ref_axis',(0.,0.,1.));
#2984=DIRECTION('',(0.,1.,0.));
#2985=DIRECTION('center_axis',(0.804105837195897,0.17364817766693,0.568559682865784));
#2986=DIRECTION('ref_axis',(0.141785554442805,-0.984807753012208,0.100252412232286));
#2987=DIRECTION('',(0.,-1.,0.));
#2988=DIRECTION('center_axis',(0.,-1.,0.));
#2989=DIRECTION('ref_axis',(0.,0.,1.));
#2990=DIRECTION('center_axis',(0.577330632426854,-8.33361157859258E-14,
-0.81651046586165));
#2991=DIRECTION('ref_axis',(-0.804105837196171,-0.17364817766693,-0.568559682865395));
#2992=DIRECTION('',(-0.141785554442804,0.984807753012208,-0.100252412232287));
#2993=DIRECTION('',(-0.804105837196171,-0.17364817766693,-0.568559682865395));
#2994=DIRECTION('',(-0.141785554442804,0.984807753012208,-0.100252412232287));
#2995=DIRECTION('',(-0.81651046586165,0.,-0.577330632426854));
#2996=DIRECTION('center_axis',(-0.804105837195894,-0.17364817766693,-0.568559682865787));
#2997=DIRECTION('ref_axis',(-0.57733063242724,0.,0.816510465861377));
#2998=DIRECTION('',(-0.57733063242724,0.,0.816510465861377));
#2999=DIRECTION('',(-0.57733063242724,0.,0.816510465861377));
#3000=DIRECTION('',(-0.141785554442804,0.984807753012208,-0.100252412232287));
#3001=DIRECTION('center_axis',(-0.57733063242731,-1.50990331349021E-14,
0.816510465861328));
#3002=DIRECTION('ref_axis',(0.804105837195844,0.17364817766693,0.568559682865858));
#3003=DIRECTION('',(0.816510465861328,0.,0.57733063242731));
#3004=DIRECTION('',(0.804105837195844,0.17364817766693,0.568559682865858));
#3005=DIRECTION('',(-0.141785554442804,0.984807753012208,-0.100252412232287));
#3006=DIRECTION('center_axis',(0.804105837195897,0.17364817766693,0.568559682865784));
#3007=DIRECTION('ref_axis',(0.577330632427236,-7.7715611723761E-16,-0.81651046586138));
#3008=DIRECTION('',(0.577330632427236,-7.7715611723761E-16,-0.81651046586138));
#3009=DIRECTION('center_axis',(-0.141785554442804,0.984807753012208,-0.100252412232287));
#3010=DIRECTION('ref_axis',(-0.00716157211246843,0.100252412232287,0.994936262142699));
#3011=DIRECTION('center_axis',(0.,1.,0.));
#3012=DIRECTION('ref_axis',(1.,0.,0.));
#3013=DIRECTION('',(0.,0.,-1.));
#3014=DIRECTION('center_axis',(0.,-0.707106781186547,0.707106781186548));
#3015=DIRECTION('ref_axis',(1.,0.,0.));
#3016=DIRECTION('',(-1.,0.,0.));
#3017=DIRECTION('',(-0.577350269189625,-0.577350269189627,-0.577350269189625));
#3018=DIRECTION('',(1.,0.,0.));
#3019=DIRECTION('',(-0.577350269189625,0.577350269189627,0.577350269189625));
#3020=DIRECTION('center_axis',(-0.707106781186548,-0.707106781186547,0.));
#3021=DIRECTION('ref_axis',(0.,0.,1.));
#3022=DIRECTION('',(0.,0.,1.));
#3023=DIRECTION('',(-0.577350269189625,0.577350269189627,-0.577350269189625));
#3024=DIRECTION('',(0.,0.,-1.));
#3025=DIRECTION('center_axis',(0.,-0.707106781186547,-0.707106781186548));
#3026=DIRECTION('ref_axis',(-1.,0.,0.));
#3027=DIRECTION('',(1.,0.,0.));
#3028=DIRECTION('',(-1.,0.,0.));
#3029=DIRECTION('',(0.577350269189625,0.577350269189627,-0.577350269189625));
#3030=DIRECTION('center_axis',(0.707106781186548,-0.707106781186547,0.));
#3031=DIRECTION('ref_axis',(0.,0.,-1.));
#3032=DIRECTION('',(0.,0.,1.));
#3033=DIRECTION('',(0.,0.,-1.));
#3034=DIRECTION('center_axis',(1.,0.,0.));
#3035=DIRECTION('ref_axis',(0.,0.,-1.));
#3036=DIRECTION('',(0.,1.,0.));
#3037=DIRECTION('',(0.,0.,-1.));
#3038=DIRECTION('',(0.,1.,0.));
#3039=DIRECTION('center_axis',(0.,0.,1.));
#3040=DIRECTION('ref_axis',(1.,0.,0.));
#3041=DIRECTION('',(0.,1.,0.));
#3042=DIRECTION('',(1.,0.,0.));
#3043=DIRECTION('center_axis',(0.,1.,0.));
#3044=DIRECTION('ref_axis',(1.,0.,0.));
#3045=DIRECTION('',(0.,0.,-1.));
#3046=DIRECTION('',(-1.,0.,-4.1855721946283E-17));
#3047=DIRECTION('',(0.,0.,1.));
#3048=DIRECTION('',(-1.,0.,4.1855721946283E-17));
#3049=DIRECTION('center_axis',(-0.707106781186548,-0.707106781186548,0.));
#3050=DIRECTION('ref_axis',(0.,0.,1.));
#3051=DIRECTION('',(-0.707106781186548,0.707106781186548,-2.95964648196753E-17));
#3052=DIRECTION('',(0.707106781186548,-0.707106781186548,-2.95964648196753E-17));
#3053=DIRECTION('center_axis',(0.707106781186548,-0.707106781186548,0.));
#3054=DIRECTION('ref_axis',(0.,0.,-1.));
#3055=DIRECTION('',(0.707106781186548,0.707106781186548,-2.95964648196753E-17));
#3056=DIRECTION('',(-0.707106781186548,-0.707106781186548,-2.95964648196753E-17));
#3057=DIRECTION('',(0.,0.,1.));
#3058=DIRECTION('center_axis',(0.,1.,0.));
#3059=DIRECTION('ref_axis',(1.,0.,0.));
#3060=DIRECTION('center_axis',(0.,0.,-1.));
#3061=DIRECTION('ref_axis',(-1.,0.,0.));
#3062=DIRECTION('',(-1.,0.,0.));
#3063=DIRECTION('',(0.,1.,0.));
#3064=DIRECTION('center_axis',(-1.,0.,0.));
#3065=DIRECTION('ref_axis',(0.,0.,1.));
#3066=DIRECTION('',(0.,0.,1.));
#3067=DIRECTION('center_axis',(-4.1855721946283E-17,0.,1.));
#3068=DIRECTION('ref_axis',(1.,0.,4.1855721946283E-17));
#3069=DIRECTION('',(1.,0.,4.1855721946283E-17));
#3070=DIRECTION('center_axis',(-4.1855721946283E-17,0.,-1.));
#3071=DIRECTION('ref_axis',(-1.,0.,4.1855721946283E-17));
#3072=DIRECTION('',(-1.,0.,4.1855721946283E-17));
#3073=DIRECTION('center_axis',(0.,1.,0.));
#3074=DIRECTION('ref_axis',(1.,0.,0.));
#3075=DIRECTION('center_axis',(-0.577330632426854,8.33361157859258E-14,
-0.81651046586165));
#3076=DIRECTION('ref_axis',(-0.804105837196171,-0.17364817766693,0.568559682865395));
#3077=DIRECTION('',(-0.81651046586165,0.,0.577330632426854));
#3078=DIRECTION('',(-0.141785554442804,0.984807753012208,0.100252412232287));
#3079=DIRECTION('',(0.804105837196171,0.17364817766693,-0.568559682865395));
#3080=DIRECTION('',(-0.141785554442804,0.984807753012208,0.100252412232287));
#3081=DIRECTION('center_axis',(0.804105837195894,0.17364817766693,-0.568559682865787));
#3082=DIRECTION('ref_axis',(-0.57733063242724,0.,-0.816510465861377));
#3083=DIRECTION('',(-0.57733063242724,0.,-0.816510465861377));
#3084=DIRECTION('',(0.57733063242724,0.,0.816510465861377));
#3085=DIRECTION('',(-0.141785554442804,0.984807753012208,0.100252412232287));
#3086=DIRECTION('center_axis',(0.57733063242731,1.50990331349021E-14,0.816510465861328));
#3087=DIRECTION('ref_axis',(0.804105837195844,0.17364817766693,-0.568559682865858));
#3088=DIRECTION('',(0.816510465861328,0.,-0.57733063242731));
#3089=DIRECTION('',(-0.804105837195844,-0.17364817766693,0.568559682865858));
#3090=DIRECTION('',(-0.141785554442804,0.984807753012208,0.100252412232287));
#3091=DIRECTION('center_axis',(-0.804105837195897,-0.17364817766693,0.568559682865784));
#3092=DIRECTION('ref_axis',(0.577330632427236,-7.7715611723761E-16,0.81651046586138));
#3093=DIRECTION('',(0.577330632427236,0.,0.81651046586138));
#3094=DIRECTION('',(-0.577330632427236,7.7715611723761E-16,-0.81651046586138));
#3095=DIRECTION('center_axis',(0.141785554442804,-0.984807753012208,-0.100252412232287));
#3096=DIRECTION('ref_axis',(0.989871490869509,0.141785554442804,0.00716157211246843));
#3097=DIRECTION('center_axis',(0.577330632426854,-8.33361157859258E-14,
-0.81651046586165));
#3098=DIRECTION('ref_axis',(-0.804105837196171,-0.17364817766693,-0.568559682865395));
#3099=DIRECTION('',(0.81651046586165,0.,0.577330632426854));
#3100=DIRECTION('',(-0.141785554442804,0.984807753012208,-0.100252412232287));
#3101=DIRECTION('',(0.804105837196171,0.17364817766693,0.568559682865395));
#3102=DIRECTION('',(-0.141785554442804,0.984807753012208,-0.100252412232287));
#3103=DIRECTION('center_axis',(0.804105837195897,0.17364817766693,0.568559682865784));
#3104=DIRECTION('ref_axis',(0.577330632427236,-7.7715611723761E-16,-0.81651046586138));
#3105=DIRECTION('',(-0.577330632427236,0.,0.81651046586138));
#3106=DIRECTION('',(-0.577330632427236,7.7715611723761E-16,0.81651046586138));
#3107=DIRECTION('',(-0.141785554442804,0.984807753012208,-0.100252412232287));
#3108=DIRECTION('center_axis',(-0.57733063242731,-1.50990331349021E-14,
0.816510465861328));
#3109=DIRECTION('ref_axis',(0.804105837195844,0.17364817766693,0.568559682865858));
#3110=DIRECTION('',(-0.816510465861328,0.,-0.57733063242731));
#3111=DIRECTION('',(-0.804105837195844,-0.17364817766693,-0.568559682865858));
#3112=DIRECTION('',(-0.141785554442804,0.984807753012208,-0.100252412232287));
#3113=DIRECTION('center_axis',(-0.804105837195894,-0.17364817766693,-0.568559682865787));
#3114=DIRECTION('ref_axis',(-0.57733063242724,0.,0.816510465861377));
#3115=DIRECTION('',(0.57733063242724,0.,-0.816510465861377));
#3116=DIRECTION('',(0.57733063242724,0.,-0.816510465861377));
#3117=DIRECTION('center_axis',(-0.141785554442804,0.984807753012208,-0.100252412232287));
#3118=DIRECTION('ref_axis',(0.989871490869509,0.141785554442804,-0.00716157211246843));
#3119=DIRECTION('center_axis',(0.,0.707106781186548,0.707106781186547));
#3120=DIRECTION('ref_axis',(1.,0.,0.));
#3121=DIRECTION('',(1.,0.,0.));
#3122=DIRECTION('',(0.,0.707106781186547,-0.707106781186548));
#3123=DIRECTION('',(-1.,0.,0.));
#3124=DIRECTION('',(0.577350269189625,-0.577350269189626,0.577350269189627));
#3125=DIRECTION('center_axis',(0.,-1.,0.));
#3126=DIRECTION('ref_axis',(0.707106781186548,0.,0.707106781186548));
#3127=DIRECTION('center_axis',(0.,1.,0.));
#3128=DIRECTION('ref_axis',(0.707106781186547,0.,0.707106781186547));
#3129=DIRECTION('',(-0.707106781186547,0.707106781186548,0.));
#3130=DIRECTION('center_axis',(0.,-1.,0.));
#3131=DIRECTION('ref_axis',(0.707106781186548,0.,0.707106781186548));
#3132=DIRECTION('center_axis',(0.707106781186548,0.707106781186547,0.));
#3133=DIRECTION('ref_axis',(0.,0.,-1.));
#3134=DIRECTION('',(-0.707106781186547,0.707106781186548,0.));
#3135=DIRECTION('',(0.,0.,1.));
#3136=DIRECTION('',(0.,0.,-1.));
#3137=DIRECTION('center_axis',(0.,-1.,0.));
#3138=DIRECTION('ref_axis',(0.707106781186548,0.,-0.707106781186548));
#3139=DIRECTION('center_axis',(0.,1.,0.));
#3140=DIRECTION('ref_axis',(0.707106781186547,0.,-0.707106781186547));
#3141=DIRECTION('',(0.,0.707106781186548,0.707106781186547));
#3142=DIRECTION('center_axis',(0.,-1.,0.));
#3143=DIRECTION('ref_axis',(0.707106781186548,0.,-0.707106781186548));
#3144=DIRECTION('center_axis',(0.,0.707106781186547,-0.707106781186548));
#3145=DIRECTION('ref_axis',(-1.,0.,0.));
#3146=DIRECTION('',(0.,0.707106781186548,0.707106781186547));
#3147=DIRECTION('',(1.,0.,0.));
#3148=DIRECTION('',(-1.,0.,0.));
#3149=DIRECTION('center_axis',(0.707106781186548,0.707106781186547,0.));
#3150=DIRECTION('ref_axis',(0.,0.,-1.));
#3151=DIRECTION('',(0.,0.,-1.));
#3152=DIRECTION('',(0.,0.,1.));
#3153=DIRECTION('',(0.577350269189625,-0.577350269189626,-0.577350269189627));
#3154=DIRECTION('center_axis',(0.,0.707106781186547,0.707106781186548));
#3155=DIRECTION('ref_axis',(1.,0.,0.));
#3156=DIRECTION('',(0.,-0.707106781186548,0.707106781186547));
#3157=DIRECTION('',(1.,0.,0.));
#3158=DIRECTION('',(0.,0.707106781186548,-0.707106781186547));
#3159=DIRECTION('',(-1.,0.,0.));
#3160=DIRECTION('center_axis',(0.,-1.,0.));
#3161=DIRECTION('ref_axis',(0.707106781186548,0.,0.707106781186548));
#3162=DIRECTION('center_axis',(0.,1.,0.));
#3163=DIRECTION('ref_axis',(0.707106781186547,0.,0.707106781186547));
#3164=DIRECTION('',(-0.707106781186547,0.707106781186548,0.));
#3165=DIRECTION('center_axis',(0.,-1.,0.));
#3166=DIRECTION('ref_axis',(0.707106781186548,0.,0.707106781186548));
#3167=DIRECTION('center_axis',(0.707106781186548,0.707106781186547,0.));
#3168=DIRECTION('ref_axis',(0.,0.,-1.));
#3169=DIRECTION('',(-0.707106781186547,0.707106781186548,0.));
#3170=DIRECTION('',(0.,0.,1.));
#3171=DIRECTION('',(0.,0.,-1.));
#3172=DIRECTION('center_axis',(0.,-1.,0.));
#3173=DIRECTION('ref_axis',(0.707106781186548,0.,-0.707106781186548));
#3174=DIRECTION('center_axis',(0.,1.,0.));
#3175=DIRECTION('ref_axis',(0.707106781186547,0.,-0.707106781186547));
#3176=DIRECTION('',(0.,0.707106781186548,0.707106781186547));
#3177=DIRECTION('center_axis',(0.,-1.,0.));
#3178=DIRECTION('ref_axis',(0.707106781186548,0.,-0.707106781186548));
#3179=DIRECTION('center_axis',(0.,0.707106781186548,-0.707106781186547));
#3180=DIRECTION('ref_axis',(-1.,0.,0.));
#3181=DIRECTION('',(1.,0.,0.));
#3182=DIRECTION('',(-1.,0.,0.));
#3183=DIRECTION('center_axis',(0.,0.,-1.));
#3184=DIRECTION('ref_axis',(1.,0.,0.));
#3185=DIRECTION('',(0.,1.,0.));
#3186=DIRECTION('',(1.,0.,0.));
#3187=DIRECTION('',(0.,-1.,0.));
#3188=DIRECTION('center_axis',(0.,1.,0.));
#3189=DIRECTION('ref_axis',(0.707106781186547,0.,-0.707106781186547));
#3190=DIRECTION('',(0.,-1.,0.));
#3191=DIRECTION('center_axis',(0.,1.,0.));
#3192=DIRECTION('ref_axis',(0.707106781186547,0.,-0.707106781186547));
#3193=DIRECTION('center_axis',(0.,1.,0.));
#3194=DIRECTION('ref_axis',(0.707106781186547,0.,0.707106781186547));
#3195=DIRECTION('',(0.,-1.,0.));
#3196=DIRECTION('center_axis',(0.,-1.,0.));
#3197=DIRECTION('ref_axis',(0.707106781186547,0.,0.707106781186547));
#3198=DIRECTION('',(0.,1.,0.));
#3199=DIRECTION('center_axis',(0.,0.,1.));
#3200=DIRECTION('ref_axis',(1.,0.,0.));
#3201=DIRECTION('',(0.,1.,0.));
#3202=DIRECTION('',(-1.,0.,0.));
#3203=DIRECTION('center_axis',(1.,0.,0.));
#3204=DIRECTION('ref_axis',(0.,0.,-1.));
#3205=DIRECTION('',(0.,1.,0.));
#3206=DIRECTION('',(0.,0.,1.));
#3207=DIRECTION('',(0.,1.,0.));
#3208=DIRECTION('',(0.,0.,-1.));
#3209=DIRECTION('',(0.,-1.,0.));
#3210=DIRECTION('',(0.,0.,1.));
#3211=DIRECTION('center_axis',(0.,0.,-1.));
#3212=DIRECTION('ref_axis',(-1.,0.,0.));
#3213=DIRECTION('',(0.,1.,0.));
#3214=DIRECTION('',(1.,0.,0.));
#3215=DIRECTION('center_axis',(0.,1.,0.));
#3216=DIRECTION('ref_axis',(0.707106781186547,0.,-0.707106781186547));
#3217=DIRECTION('',(0.,-1.,0.));
#3218=DIRECTION('center_axis',(0.,-1.,0.));
#3219=DIRECTION('ref_axis',(0.707106781186547,0.,-0.707106781186547));
#3220=DIRECTION('center_axis',(1.,0.,0.));
#3221=DIRECTION('ref_axis',(0.,0.,1.));
#3222=DIRECTION('',(0.,0.,-1.));
#3223=DIRECTION('',(0.,0.,-1.));
#3224=DIRECTION('',(0.,0.,-1.));
#3225=DIRECTION('',(0.,1.,0.));
#3226=DIRECTION('',(0.,0.,1.));
#3227=DIRECTION('center_axis',(0.,1.,0.));
#3228=DIRECTION('ref_axis',(0.707106781186547,0.,0.707106781186547));
#3229=DIRECTION('',(0.,-1.,0.));
#3230=DIRECTION('center_axis',(0.,1.,0.));
#3231=DIRECTION('ref_axis',(0.707106781186547,0.,0.707106781186547));
#3232=DIRECTION('center_axis',(-1.,0.,0.));
#3233=DIRECTION('ref_axis',(0.,0.,-1.));
#3234=DIRECTION('',(0.,0.,-1.));
#3235=DIRECTION('',(0.,1.,0.));
#3236=DIRECTION('',(0.,0.,1.));
#3237=DIRECTION('center_axis',(0.,0.,1.));
#3238=DIRECTION('ref_axis',(-1.,0.,0.));
#3239=DIRECTION('',(-1.,0.,0.));
#3240=DIRECTION('center_axis',(0.707106781186548,0.707106781186547,0.));
#3241=DIRECTION('ref_axis',(0.,0.,-1.));
#3242=DIRECTION('',(-0.707106781186547,0.707106781186548,4.28207034186484E-17));
#3243=DIRECTION('',(0.,0.,1.));
#3244=DIRECTION('',(0.707106781186547,-0.707106781186548,0.));
#3245=DIRECTION('center_axis',(0.,0.,1.));
#3246=DIRECTION('ref_axis',(1.,0.,0.));
#3247=DIRECTION('',(1.,0.,0.));
#3248=DIRECTION('',(-1.,0.,0.));
#3249=DIRECTION('center_axis',(-6.05576195250085E-17,0.,-1.));
#3250=DIRECTION('ref_axis',(-1.,0.,6.05576195250085E-17));
#3251=DIRECTION('',(1.,0.,-6.05576195250085E-17));
#3252=DIRECTION('',(-1.,0.,6.05576195250085E-17));
#3253=DIRECTION('center_axis',(0.,1.,0.));
#3254=DIRECTION('ref_axis',(0.,0.,1.));
#3255=DIRECTION('center_axis',(0.,1.,0.));
#3256=DIRECTION('ref_axis',(1.,0.,0.));
#3257=DIRECTION('center_axis',(0.,-1.,0.));
#3258=DIRECTION('ref_axis',(1.,0.,0.));
#3259=DIRECTION('center_axis',(0.,1.,0.));
#3260=DIRECTION('ref_axis',(1.,0.,0.));
#3261=DIRECTION('center_axis',(0.,1.,0.));
#3262=DIRECTION('ref_axis',(1.,0.,0.));
#3263=DIRECTION('center_axis',(0.,1.,0.));
#3264=DIRECTION('ref_axis',(1.,0.,0.));
#3265=DIRECTION('center_axis',(0.,1.,0.));
#3266=DIRECTION('ref_axis',(0.,0.,1.));
#3267=DIRECTION('center_axis',(0.,1.,0.));
#3268=DIRECTION('ref_axis',(1.,0.,0.));
#3269=DIRECTION('center_axis',(0.,-1.,0.));
#3270=DIRECTION('ref_axis',(1.,0.,0.));
#3271=DIRECTION('center_axis',(0.,-1.,0.));
#3272=DIRECTION('ref_axis',(1.,0.,0.));
#3273=DIRECTION('',(0.,1.,0.));
#3274=DIRECTION('center_axis',(0.,-1.,0.));
#3275=DIRECTION('ref_axis',(1.,0.,0.));
#3276=DIRECTION('',(0.,1.,0.));
#3277=DIRECTION('center_axis',(-0.577330632426854,-8.33361157859258E-14,
0.81651046586165));
#3278=DIRECTION('ref_axis',(0.804105837196171,-0.17364817766693,0.568559682865395));
#3279=DIRECTION('',(0.81651046586165,0.,0.577330632426854));
#3280=DIRECTION('',(0.141785554442804,0.984807753012208,0.100252412232287));
#3281=DIRECTION('',(-0.804105837196171,0.17364817766693,-0.568559682865395));
#3282=DIRECTION('',(0.141785554442804,0.984807753012208,0.100252412232287));
#3283=DIRECTION('center_axis',(0.804105837195894,-0.17364817766693,0.568559682865787));
#3284=DIRECTION('ref_axis',(0.57733063242724,0.,-0.816510465861377));
#3285=DIRECTION('',(0.57733063242724,0.,-0.816510465861377));
#3286=DIRECTION('',(0.141785554442804,0.984807753012208,0.100252412232287));
#3287=DIRECTION('',(-0.57733063242724,0.,0.816510465861377));
#3288=DIRECTION('center_axis',(0.57733063242731,-1.50990331349021E-14,-0.816510465861328));
#3289=DIRECTION('ref_axis',(-0.804105837195844,0.17364817766693,-0.568559682865858));
#3290=DIRECTION('',(-0.816510465861328,0.,-0.57733063242731));
#3291=DIRECTION('',(0.141785554442804,0.984807753012208,0.100252412232287));
#3292=DIRECTION('',(0.804105837195844,-0.17364817766693,0.568559682865858));
#3293=DIRECTION('center_axis',(-0.804105837195897,0.17364817766693,-0.568559682865784));
#3294=DIRECTION('ref_axis',(-0.577330632427236,-7.7715611723761E-16,0.81651046586138));
#3295=DIRECTION('',(-0.577330632427236,0.,0.81651046586138));
#3296=DIRECTION('',(0.577330632427236,7.7715611723761E-16,-0.81651046586138));
#3297=DIRECTION('center_axis',(0.141785554442804,0.984807753012208,0.100252412232287));
#3298=DIRECTION('ref_axis',(-0.989871490869509,0.141785554442804,0.00716157211246843));
#3299=DIRECTION('center_axis',(0.577330632426854,8.33361157859258E-14,0.81651046586165));
#3300=DIRECTION('ref_axis',(0.804105837196171,-0.17364817766693,-0.568559682865395));
#3301=DIRECTION('',(-0.81651046586165,0.,0.577330632426854));
#3302=DIRECTION('',(0.141785554442804,0.984807753012208,-0.100252412232287));
#3303=DIRECTION('',(-0.804105837196171,0.17364817766693,0.568559682865395));
#3304=DIRECTION('',(0.141785554442804,0.984807753012208,-0.100252412232287));
#3305=DIRECTION('center_axis',(0.804105837195897,-0.17364817766693,-0.568559682865784));
#3306=DIRECTION('ref_axis',(-0.577330632427236,-7.7715611723761E-16,-0.81651046586138));
#3307=DIRECTION('',(0.577330632427236,0.,0.81651046586138));
#3308=DIRECTION('',(0.141785554442804,0.984807753012208,-0.100252412232287));
#3309=DIRECTION('',(0.577330632427236,7.7715611723761E-16,0.81651046586138));
#3310=DIRECTION('center_axis',(-0.57733063242731,1.50990331349021E-14,-0.816510465861328));
#3311=DIRECTION('ref_axis',(-0.804105837195844,0.17364817766693,0.568559682865858));
#3312=DIRECTION('',(0.816510465861328,0.,-0.57733063242731));
#3313=DIRECTION('',(0.141785554442804,0.984807753012208,-0.100252412232287));
#3314=DIRECTION('',(0.804105837195844,-0.17364817766693,-0.568559682865858));
#3315=DIRECTION('center_axis',(-0.804105837195894,0.17364817766693,0.568559682865787));
#3316=DIRECTION('ref_axis',(0.57733063242724,0.,0.816510465861377));
#3317=DIRECTION('',(-0.57733063242724,0.,-0.816510465861377));
#3318=DIRECTION('',(-0.57733063242724,0.,-0.816510465861377));
#3319=DIRECTION('center_axis',(-0.141785554442804,-0.984807753012208,0.100252412232287));
#3320=DIRECTION('ref_axis',(-0.989871490869509,0.141785554442804,-0.00716157211246843));
#3321=DIRECTION('center_axis',(0.,-0.707106781186548,-0.707106781186547));
#3322=DIRECTION('ref_axis',(-1.,0.,0.));
#3323=DIRECTION('',(-1.,0.,0.));
#3324=DIRECTION('',(-0.577350269189625,-0.577350269189626,0.577350269189627));
#3325=DIRECTION('',(1.,0.,0.));
#3326=DIRECTION('',(0.,0.707106781186547,-0.707106781186548));
#3327=DIRECTION('center_axis',(0.,-1.,0.));
#3328=DIRECTION('ref_axis',(-0.707106781186548,0.,0.707106781186548));
#3329=DIRECTION('center_axis',(0.,1.,0.));
#3330=DIRECTION('ref_axis',(-0.707106781186548,0.,0.707106781186548));
#3331=DIRECTION('',(0.707106781186547,0.707106781186548,0.));
#3332=DIRECTION('center_axis',(0.,-1.,0.));
#3333=DIRECTION('ref_axis',(-0.707106781186547,0.,0.707106781186547));
#3334=DIRECTION('center_axis',(0.707106781186548,-0.707106781186547,0.));
#3335=DIRECTION('ref_axis',(0.,0.,-1.));
#3336=DIRECTION('',(0.707106781186547,0.707106781186548,0.));
#3337=DIRECTION('',(0.,0.,-1.));
#3338=DIRECTION('',(0.,0.,1.));
#3339=DIRECTION('center_axis',(0.,-1.,0.));
#3340=DIRECTION('ref_axis',(-0.707106781186548,0.,-0.707106781186548));
#3341=DIRECTION('center_axis',(0.,1.,0.));
#3342=DIRECTION('ref_axis',(-0.707106781186548,0.,-0.707106781186548));
#3343=DIRECTION('',(0.,0.707106781186548,0.707106781186547));
#3344=DIRECTION('center_axis',(0.,-1.,0.));
#3345=DIRECTION('ref_axis',(-0.707106781186547,0.,-0.707106781186547));
#3346=DIRECTION('center_axis',(0.,-0.707106781186547,0.707106781186548));
#3347=DIRECTION('ref_axis',(1.,0.,0.));
#3348=DIRECTION('',(0.,0.707106781186548,0.707106781186547));
#3349=DIRECTION('',(1.,0.,0.));
#3350=DIRECTION('',(-1.,0.,0.));
#3351=DIRECTION('center_axis',(0.707106781186548,-0.707106781186547,0.));
#3352=DIRECTION('ref_axis',(0.,0.,-1.));
#3353=DIRECTION('',(0.,0.,-1.));
#3354=DIRECTION('',(-0.577350269189625,-0.577350269189626,-0.577350269189627));
#3355=DIRECTION('',(0.,0.,1.));
#3356=DIRECTION('center_axis',(0.,-0.707106781186547,-0.707106781186548));
#3357=DIRECTION('ref_axis',(-1.,0.,0.));
#3358=DIRECTION('',(0.,-0.707106781186548,0.707106781186547));
#3359=DIRECTION('',(1.,0.,0.));
#3360=DIRECTION('',(0.,0.707106781186548,-0.707106781186547));
#3361=DIRECTION('',(-1.,0.,0.));
#3362=DIRECTION('center_axis',(0.,-1.,0.));
#3363=DIRECTION('ref_axis',(-0.707106781186548,0.,0.707106781186548));
#3364=DIRECTION('center_axis',(0.,1.,0.));
#3365=DIRECTION('ref_axis',(-0.707106781186548,0.,0.707106781186548));
#3366=DIRECTION('',(0.707106781186547,0.707106781186548,0.));
#3367=DIRECTION('center_axis',(0.,-1.,0.));
#3368=DIRECTION('ref_axis',(-0.707106781186547,0.,0.707106781186547));
#3369=DIRECTION('center_axis',(0.707106781186548,-0.707106781186547,0.));
#3370=DIRECTION('ref_axis',(0.,0.,-1.));
#3371=DIRECTION('',(0.707106781186547,0.707106781186548,0.));
#3372=DIRECTION('',(0.,0.,-1.));
#3373=DIRECTION('',(0.,0.,1.));
#3374=DIRECTION('center_axis',(0.,-1.,0.));
#3375=DIRECTION('ref_axis',(-0.707106781186548,0.,-0.707106781186548));
#3376=DIRECTION('center_axis',(0.,1.,0.));
#3377=DIRECTION('ref_axis',(-0.707106781186548,0.,-0.707106781186548));
#3378=DIRECTION('',(0.,0.707106781186548,0.707106781186547));
#3379=DIRECTION('center_axis',(0.,-1.,0.));
#3380=DIRECTION('ref_axis',(-0.707106781186547,0.,-0.707106781186547));
#3381=DIRECTION('center_axis',(0.,-0.707106781186548,0.707106781186547));
#3382=DIRECTION('ref_axis',(1.,0.,0.));
#3383=DIRECTION('',(-1.,0.,0.));
#3384=DIRECTION('',(1.,0.,0.));
#3385=DIRECTION('center_axis',(0.,0.,1.));
#3386=DIRECTION('ref_axis',(-1.,0.,0.));
#3387=DIRECTION('',(0.,-1.,0.));
#3388=DIRECTION('',(-1.,0.,0.));
#3389=DIRECTION('',(0.,1.,0.));
#3390=DIRECTION('center_axis',(0.,-1.,0.));
#3391=DIRECTION('ref_axis',(-0.707106781186547,0.,-0.707106781186547));
#3392=DIRECTION('center_axis',(0.,-1.,0.));
#3393=DIRECTION('ref_axis',(-0.707106781186547,0.,-0.707106781186547));
#3394=DIRECTION('',(0.,-1.,0.));
#3395=DIRECTION('center_axis',(0.,-1.,0.));
#3396=DIRECTION('ref_axis',(-0.707106781186547,0.,0.707106781186547));
#3397=DIRECTION('',(0.,1.,0.));
#3398=DIRECTION('center_axis',(0.,1.,0.));
#3399=DIRECTION('ref_axis',(-0.707106781186547,0.,0.707106781186547));
#3400=DIRECTION('',(0.,-1.,0.));
#3401=DIRECTION('center_axis',(0.,0.,-1.));
#3402=DIRECTION('ref_axis',(-1.,0.,0.));
#3403=DIRECTION('',(1.,0.,0.));
#3404=DIRECTION('',(0.,1.,0.));
#3405=DIRECTION('center_axis',(1.,0.,0.));
#3406=DIRECTION('ref_axis',(0.,0.,-1.));
#3407=DIRECTION('',(0.,0.,1.));
#3408=DIRECTION('',(0.,-1.,0.));
#3409=DIRECTION('',(0.,0.,-1.));
#3410=DIRECTION('',(0.,1.,0.));
#3411=DIRECTION('',(0.,0.,1.));
#3412=DIRECTION('',(0.,1.,0.));
#3413=DIRECTION('center_axis',(0.,0.,1.));
#3414=DIRECTION('ref_axis',(1.,0.,0.));
#3415=DIRECTION('',(-1.,0.,0.));
#3416=DIRECTION('',(0.,1.,0.));
#3417=DIRECTION('center_axis',(0.,-1.,0.));
#3418=DIRECTION('ref_axis',(-0.707106781186547,0.,-0.707106781186547));
#3419=DIRECTION('center_axis',(0.,1.,0.));
#3420=DIRECTION('ref_axis',(-0.707106781186547,0.,-0.707106781186547));
#3421=DIRECTION('',(0.,-1.,0.));
#3422=DIRECTION('center_axis',(1.,0.,0.));
#3423=DIRECTION('ref_axis',(0.,0.,1.));
#3424=DIRECTION('',(0.,0.,1.));
#3425=DIRECTION('',(0.,1.,0.));
#3426=DIRECTION('',(0.,0.,-1.));
#3427=DIRECTION('',(0.,0.,-1.));
#3428=DIRECTION('',(0.,0.,-1.));
#3429=DIRECTION('center_axis',(0.,-1.,0.));
#3430=DIRECTION('ref_axis',(-0.707106781186547,0.,0.707106781186547));
#3431=DIRECTION('center_axis',(0.,-1.,0.));
#3432=DIRECTION('ref_axis',(-0.707106781186547,0.,0.707106781186547));
#3433=DIRECTION('',(0.,-1.,0.));
#3434=DIRECTION('center_axis',(-1.,0.,0.));
#3435=DIRECTION('ref_axis',(0.,0.,-1.));
#3436=DIRECTION('',(0.,0.,1.));
#3437=DIRECTION('',(0.,1.,0.));
#3438=DIRECTION('',(0.,0.,-1.));
#3439=DIRECTION('center_axis',(0.,0.,-1.));
#3440=DIRECTION('ref_axis',(1.,0.,0.));
#3441=DIRECTION('',(1.,0.,0.));
#3442=DIRECTION('center_axis',(0.707106781186548,-0.707106781186547,0.));
#3443=DIRECTION('ref_axis',(0.,0.,-1.));
#3444=DIRECTION('',(0.707106781186547,0.707106781186548,4.28207034186484E-17));
#3445=DIRECTION('',(-0.707106781186547,-0.707106781186548,0.));
#3446=DIRECTION('',(0.,0.,1.));
#3447=DIRECTION('center_axis',(0.,0.,-1.));
#3448=DIRECTION('ref_axis',(-1.,0.,0.));
#3449=DIRECTION('',(1.,0.,0.));
#3450=DIRECTION('',(-1.,0.,0.));
#3451=DIRECTION('center_axis',(-6.05576195250085E-17,0.,1.));
#3452=DIRECTION('ref_axis',(1.,0.,6.05576195250085E-17));
#3453=DIRECTION('',(1.,0.,6.05576195250085E-17));
#3454=DIRECTION('',(-1.,0.,-6.05576195250085E-17));
#3455=DIRECTION('center_axis',(0.,-1.,0.));
#3456=DIRECTION('ref_axis',(0.,0.,1.));
#3457=DIRECTION('center_axis',(0.,-1.,0.));
#3458=DIRECTION('ref_axis',(-1.,0.,0.));
#3459=DIRECTION('center_axis',(0.,1.,0.));
#3460=DIRECTION('ref_axis',(-1.,0.,0.));
#3461=DIRECTION('center_axis',(0.,-1.,0.));
#3462=DIRECTION('ref_axis',(-1.,0.,0.));
#3463=DIRECTION('center_axis',(0.,-1.,0.));
#3464=DIRECTION('ref_axis',(-1.,0.,0.));
#3465=DIRECTION('center_axis',(0.,-1.,0.));
#3466=DIRECTION('ref_axis',(-1.,0.,0.));
#3467=DIRECTION('center_axis',(0.,-1.,0.));
#3468=DIRECTION('ref_axis',(0.,0.,1.));
#3469=DIRECTION('center_axis',(0.,-1.,0.));
#3470=DIRECTION('ref_axis',(-1.,0.,0.));
#3471=DIRECTION('center_axis',(0.,1.,0.));
#3472=DIRECTION('ref_axis',(-1.,0.,0.));
#3473=DIRECTION('center_axis',(0.,1.,0.));
#3474=DIRECTION('ref_axis',(-1.,0.,0.));
#3475=DIRECTION('',(0.,1.,0.));
#3476=DIRECTION('center_axis',(0.,1.,0.));
#3477=DIRECTION('ref_axis',(-1.,0.,0.));
#3478=DIRECTION('',(0.,1.,0.));
#3479=CARTESIAN_POINT('',(0.,0.,0.));
#3480=CARTESIAN_POINT('Origin',(184.649603241807,0.,69.1461841103665));
#3481=CARTESIAN_POINT('',(199.766792981089,3.26458574013831,79.8351061482447));
#3482=CARTESIAN_POINT('',(184.649603241807,0.,69.1461841103665));
#3483=CARTESIAN_POINT('',(199.766792981089,3.26458574013831,79.8351061482447));
#3484=CARTESIAN_POINT('',(128.874015759687,495.668462246242,29.7089000321014));
#3485=CARTESIAN_POINT('',(199.766792981089,3.26458574013831,79.8351061482447));
#3486=CARTESIAN_POINT('',(113.756826020405,492.403876506104,19.0199779942232));
#3487=CARTESIAN_POINT('',(128.874015759687,495.668462246242,29.7089000321014));
#3488=CARTESIAN_POINT('',(184.649603241807,0.,69.1461841103665));
#3489=CARTESIAN_POINT('Origin',(197.119944902234,-4.44089209850063E-15,
51.5095580477627));
#3490=CARTESIAN_POINT('',(197.119944902234,-4.44089209850063E-15,51.5095580477627));
#3491=CARTESIAN_POINT('',(184.649603241807,0.,69.1461841103665));
#3492=CARTESIAN_POINT('',(126.227167680832,492.403876506104,1.38335193161938));
#3493=CARTESIAN_POINT('',(113.756826020405,492.403876506104,19.0199779942232));
#3494=CARTESIAN_POINT('',(197.119944902234,-4.44089209850063E-15,51.5095580477627));
#3495=CARTESIAN_POINT('Origin',(212.237134641522,3.26458574013829,62.1984800856321));
#3496=CARTESIAN_POINT('',(212.237134641522,3.26458574013829,62.1984800856321));
#3497=CARTESIAN_POINT('',(197.119944902234,-4.44089209850063E-15,51.5095580477627));
#3498=CARTESIAN_POINT('',(141.34435742012,495.668462246242,12.0722739694888));
#3499=CARTESIAN_POINT('',(126.227167680832,492.403876506104,1.38335193161938));
#3500=CARTESIAN_POINT('',(212.237134641522,3.26458574013829,62.1984800856321));
#3501=CARTESIAN_POINT('Origin',(199.766792981089,3.26458574013831,79.8351061482447));
#3502=CARTESIAN_POINT('',(212.237134641522,3.26458574013829,62.1984800856321));
#3503=CARTESIAN_POINT('',(141.34435742012,495.668462246242,12.0722739694888));
#3504=CARTESIAN_POINT('Origin',(127.550591720262,494.036169376174,15.5461259818604));
#3505=CARTESIAN_POINT('Origin',(198.443368941664,1.63229287006958,65.6723320980037));
#3506=CARTESIAN_POINT('Origin',(184.649603241807,0.,-69.1461841103665));
#3507=CARTESIAN_POINT('',(199.766792981089,3.26458574013831,-79.8351061482447));
#3508=CARTESIAN_POINT('',(184.649603241807,0.,-69.1461841103665));
#3509=CARTESIAN_POINT('',(199.766792981089,3.26458574013831,-79.8351061482447));
#3510=CARTESIAN_POINT('',(113.756826020405,492.403876506104,-19.0199779942232));
#3511=CARTESIAN_POINT('',(184.649603241807,0.,-69.1461841103665));
#3512=CARTESIAN_POINT('',(128.874015759687,495.668462246242,-29.7089000321014));
#3513=CARTESIAN_POINT('',(128.874015759687,495.668462246242,-29.7089000321014));
#3514=CARTESIAN_POINT('',(199.766792981089,3.26458574013831,-79.8351061482447));
#3515=CARTESIAN_POINT('Origin',(197.119944902234,-4.44089209850063E-15,
-51.5095580477627));
#3516=CARTESIAN_POINT('',(197.119944902234,-4.44089209850063E-15,-51.5095580477627));
#3517=CARTESIAN_POINT('',(184.649603241807,0.,-69.1461841103665));
#3518=CARTESIAN_POINT('',(126.227167680832,492.403876506104,-1.38335193161938));
#3519=CARTESIAN_POINT('',(197.119944902234,-4.44089209850063E-15,-51.5095580477627));
#3520=CARTESIAN_POINT('',(113.756826020405,492.403876506104,-19.0199779942232));
#3521=CARTESIAN_POINT('Origin',(212.237134641522,3.26458574013829,-62.1984800856321));
#3522=CARTESIAN_POINT('',(212.237134641522,3.26458574013829,-62.1984800856321));
#3523=CARTESIAN_POINT('',(197.119944902234,-4.44089209850063E-15,-51.5095580477627));
#3524=CARTESIAN_POINT('',(141.34435742012,495.668462246242,-12.0722739694888));
#3525=CARTESIAN_POINT('',(212.237134641522,3.26458574013829,-62.1984800856321));
#3526=CARTESIAN_POINT('',(126.227167680832,492.403876506104,-1.38335193161938));
#3527=CARTESIAN_POINT('Origin',(199.766792981089,3.26458574013831,-79.8351061482447));
#3528=CARTESIAN_POINT('',(212.237134641522,3.26458574013829,-62.1984800856321));
#3529=CARTESIAN_POINT('',(141.34435742012,495.668462246242,-12.0722739694888));
#3530=CARTESIAN_POINT('Origin',(127.550591720262,494.036169376174,-15.5461259818604));
#3531=CARTESIAN_POINT('Origin',(198.443368941664,1.63229287006958,-65.6723320980037));
#3532=CARTESIAN_POINT('Origin',(-184.649603241807,0.,69.1461841103665));
#3533=CARTESIAN_POINT('',(-199.766792981089,3.26458574013831,79.8351061482447));
#3534=CARTESIAN_POINT('',(-184.649603241807,0.,69.1461841103665));
#3535=CARTESIAN_POINT('',(-199.766792981089,3.26458574013831,79.8351061482447));
#3536=CARTESIAN_POINT('',(-113.756826020405,492.403876506104,19.0199779942232));
#3537=CARTESIAN_POINT('',(-184.649603241807,0.,69.1461841103665));
#3538=CARTESIAN_POINT('',(-128.874015759687,495.668462246242,29.7089000321014));
#3539=CARTESIAN_POINT('',(-128.874015759687,495.668462246242,29.7089000321014));
#3540=CARTESIAN_POINT('',(-199.766792981089,3.26458574013831,79.8351061482447));
#3541=CARTESIAN_POINT('Origin',(-197.119944902234,-4.44089209850063E-15,
51.5095580477627));
#3542=CARTESIAN_POINT('',(-197.119944902234,-4.44089209850063E-15,51.5095580477627));
#3543=CARTESIAN_POINT('',(-184.649603241807,0.,69.1461841103665));
#3544=CARTESIAN_POINT('',(-126.227167680832,492.403876506104,1.38335193161938));
#3545=CARTESIAN_POINT('',(-197.119944902234,-4.44089209850063E-15,51.5095580477627));
#3546=CARTESIAN_POINT('',(-113.756826020405,492.403876506104,19.0199779942232));
#3547=CARTESIAN_POINT('Origin',(-212.237134641522,3.26458574013829,62.1984800856321));
#3548=CARTESIAN_POINT('',(-212.237134641522,3.26458574013829,62.1984800856321));
#3549=CARTESIAN_POINT('',(-197.119944902234,-4.44089209850063E-15,51.5095580477627));
#3550=CARTESIAN_POINT('',(-141.34435742012,495.668462246242,12.0722739694888));
#3551=CARTESIAN_POINT('',(-212.237134641522,3.26458574013829,62.1984800856321));
#3552=CARTESIAN_POINT('',(-126.227167680832,492.403876506104,1.38335193161938));
#3553=CARTESIAN_POINT('Origin',(-199.766792981089,3.26458574013831,79.8351061482447));
#3554=CARTESIAN_POINT('',(-212.237134641522,3.26458574013829,62.1984800856321));
#3555=CARTESIAN_POINT('',(-141.34435742012,495.668462246242,12.0722739694888));
#3556=CARTESIAN_POINT('Origin',(-127.550591720262,494.036169376174,15.5461259818604));
#3557=CARTESIAN_POINT('Origin',(-198.443368941664,1.63229287006958,65.6723320980037));
#3558=CARTESIAN_POINT('Origin',(-184.649603241807,0.,-69.1461841103665));
#3559=CARTESIAN_POINT('',(-199.766792981089,3.26458574013831,-79.8351061482447));
#3560=CARTESIAN_POINT('',(-184.649603241807,0.,-69.1461841103665));
#3561=CARTESIAN_POINT('',(-199.766792981089,3.26458574013831,-79.8351061482447));
#3562=CARTESIAN_POINT('',(-128.874015759687,495.668462246242,-29.7089000321014));
#3563=CARTESIAN_POINT('',(-199.766792981089,3.26458574013831,-79.8351061482447));
#3564=CARTESIAN_POINT('',(-113.756826020405,492.403876506104,-19.0199779942232));
#3565=CARTESIAN_POINT('',(-128.874015759687,495.668462246242,-29.7089000321014));
#3566=CARTESIAN_POINT('',(-184.649603241807,0.,-69.1461841103665));
#3567=CARTESIAN_POINT('Origin',(-197.119944902234,-4.44089209850063E-15,
-51.5095580477627));
#3568=CARTESIAN_POINT('',(-197.119944902234,-4.44089209850063E-15,-51.5095580477627));
#3569=CARTESIAN_POINT('',(-184.649603241807,0.,-69.1461841103665));
#3570=CARTESIAN_POINT('',(-126.227167680832,492.403876506104,-1.38335193161938));
#3571=CARTESIAN_POINT('',(-113.756826020405,492.403876506104,-19.0199779942232));
#3572=CARTESIAN_POINT('',(-197.119944902234,-4.44089209850063E-15,-51.5095580477627));
#3573=CARTESIAN_POINT('Origin',(-212.237134641522,3.26458574013829,-62.1984800856321));
#3574=CARTESIAN_POINT('',(-212.237134641522,3.26458574013829,-62.1984800856321));
#3575=CARTESIAN_POINT('',(-197.119944902234,-4.44089209850063E-15,-51.5095580477627));
#3576=CARTESIAN_POINT('',(-141.34435742012,495.668462246242,-12.0722739694888));
#3577=CARTESIAN_POINT('',(-126.227167680832,492.403876506104,-1.38335193161938));
#3578=CARTESIAN_POINT('',(-212.237134641522,3.26458574013829,-62.1984800856321));
#3579=CARTESIAN_POINT('Origin',(-199.766792981089,3.26458574013831,-79.8351061482447));
#3580=CARTESIAN_POINT('',(-212.237134641522,3.26458574013829,-62.1984800856321));
#3581=CARTESIAN_POINT('',(-141.34435742012,495.668462246242,-12.0722739694888));
#3582=CARTESIAN_POINT('Origin',(-127.550591720262,494.036169376174,-15.5461259818604));
#3583=CARTESIAN_POINT('Origin',(-198.443368941664,1.63229287006958,-65.6723320980037));
#3584=CARTESIAN_POINT('Origin',(-184.649603241807,0.,-69.1461841103665));
#3585=CARTESIAN_POINT('',(-116.982375415574,470.,-21.3006694857567));
#3586=CARTESIAN_POINT('',(-131.061612698622,470.,-31.2556857465002));
#3587=CARTESIAN_POINT('',(-148.834770330513,470.,-43.8225648801625));
#3588=CARTESIAN_POINT('',(-113.756826020405,492.403876506104,-19.0199779942232));
#3589=CARTESIAN_POINT('',(-184.649603241807,0.,-69.1461841103665));
#3590=CARTESIAN_POINT('',(-128.874015759687,495.668462246242,-29.7089000321014));
#3591=CARTESIAN_POINT('',(-128.874015759687,495.668462246242,-29.7089000321014));
#3592=CARTESIAN_POINT('',(-131.061612698622,480.473949417373,-31.2556857465003));
#3593=CARTESIAN_POINT('',(-199.766792981089,3.26458574013831,-79.8351061482447));
#3594=CARTESIAN_POINT('',(-131.061612698622,490.,-31.2556857465004));
#3595=CARTESIAN_POINT('Origin',(-199.766792981089,3.26458574013831,-79.8351061482447));
#3596=CARTESIAN_POINT('',(-143.67368221315,479.489542436855,-13.719271297894));
#3597=CARTESIAN_POINT('Origin',(-106.1,698.400228638989,0.));
#3598=CARTESIAN_POINT('',(-141.34435742012,495.668462246242,-12.0722739694888));
#3599=CARTESIAN_POINT('',(-141.34435742012,495.668462246242,-12.0722739694888));
#3600=CARTESIAN_POINT('',(-212.237134641522,3.26458574013829,-62.1984800856321));
#3601=CARTESIAN_POINT('Origin',(-197.119944902234,-4.44089209850063E-15,
-51.5095580477627));
#3602=CARTESIAN_POINT('',(-129.452717076001,470.,-3.66404342315289));
#3603=CARTESIAN_POINT('',(-129.757577536175,470.,-3.23288362947772));
#3604=CARTESIAN_POINT('',(-126.227167680832,492.403876506104,-1.38335193161938));
#3605=CARTESIAN_POINT('',(-197.119944902234,-4.44089209850063E-15,-51.5095580477627));
#3606=CARTESIAN_POINT('',(-113.756826020405,492.403876506104,-19.0199779942232));
#3607=CARTESIAN_POINT('Origin',(-212.237134641522,3.26458574013829,-62.1984800856321));
#3608=CARTESIAN_POINT('',(-143.67368221315,470.,-13.7192712978948));
#3609=CARTESIAN_POINT('',(-168.863706860597,470.,-31.5303998364764));
#3610=CARTESIAN_POINT('',(-143.67368221315,490.,-13.7192712978931));
#3611=CARTESIAN_POINT('',(-126.227167680832,492.403876506104,-1.38335193161938));
#3612=CARTESIAN_POINT('Origin',(-127.550591720262,494.036169376174,-15.5461259818604));
#3613=CARTESIAN_POINT('Origin',(-106.1,490.,0.));
#3614=CARTESIAN_POINT('',(-143.67368221315,470.,13.7192712978948));
#3615=CARTESIAN_POINT('Origin',(-106.1,470.,0.));
#3616=CARTESIAN_POINT('',(-143.67368221315,479.489542436855,13.719271297894));
#3617=CARTESIAN_POINT('',(-143.67368221315,490.,13.7192712978931));
#3618=CARTESIAN_POINT('',(-131.061612698622,480.473949417373,31.2556857465003));
#3619=CARTESIAN_POINT('Origin',(-106.1,698.400228638989,0.));
#3620=CARTESIAN_POINT('',(-131.061612698622,470.,31.2556857465002));
#3621=CARTESIAN_POINT('',(-131.061612698622,490.,31.2556857465004));
#3622=CARTESIAN_POINT('',(-106.1,470.,40.));
#3623=CARTESIAN_POINT('Origin',(-106.1,470.,0.));
#3624=CARTESIAN_POINT('',(-106.1,498.,40.));
#3625=CARTESIAN_POINT('',(-106.1,490.,40.));
#3626=CARTESIAN_POINT('',(-106.1,498.,-40.));
#3627=CARTESIAN_POINT('Origin',(-106.1,498.,0.));
#3628=CARTESIAN_POINT('',(-106.1,470.,-40.));
#3629=CARTESIAN_POINT('',(-106.1,490.,-40.));
#3630=CARTESIAN_POINT('Origin',(-106.1,470.,0.));
#3631=CARTESIAN_POINT('Origin',(-199.766792981089,3.26458574013831,79.8351061482447));
#3632=CARTESIAN_POINT('',(-141.34435742012,495.668462246242,12.0722739694888));
#3633=CARTESIAN_POINT('',(-212.237134641522,3.26458574013829,62.1984800856321));
#3634=CARTESIAN_POINT('',(-128.874015759687,495.668462246242,29.7089000321014));
#3635=CARTESIAN_POINT('',(-141.34435742012,495.668462246242,12.0722739694888));
#3636=CARTESIAN_POINT('',(-199.766792981089,3.26458574013831,79.8351061482447));
#3637=CARTESIAN_POINT('Origin',(-184.649603241807,0.,69.1461841103665));
#3638=CARTESIAN_POINT('',(-113.756826020405,492.403876506104,19.0199779942232));
#3639=CARTESIAN_POINT('',(-128.874015759687,495.668462246242,29.7089000321014));
#3640=CARTESIAN_POINT('',(-116.982375415574,470.,21.3006694857567));
#3641=CARTESIAN_POINT('',(-184.649603241807,0.,69.1461841103665));
#3642=CARTESIAN_POINT('',(-148.834770330513,470.,43.8225648801625));
#3643=CARTESIAN_POINT('Origin',(-197.119944902234,-4.44089209850063E-15,
51.5095580477627));
#3644=CARTESIAN_POINT('',(-129.452717076001,470.,3.66404342315289));
#3645=CARTESIAN_POINT('',(-129.757577536175,470.,3.23288362947772));
#3646=CARTESIAN_POINT('',(-126.227167680832,492.403876506104,1.38335193161938));
#3647=CARTESIAN_POINT('',(-113.756826020405,492.403876506104,19.0199779942232));
#3648=CARTESIAN_POINT('',(-197.119944902234,-4.44089209850063E-15,51.5095580477627));
#3649=CARTESIAN_POINT('Origin',(-212.237134641522,3.26458574013829,62.1984800856321));
#3650=CARTESIAN_POINT('',(-168.863706860597,470.,31.5303998364764));
#3651=CARTESIAN_POINT('',(-126.227167680832,492.403876506104,1.38335193161938));
#3652=CARTESIAN_POINT('Origin',(-127.550591720262,494.036169376174,15.5461259818604));
#3653=CARTESIAN_POINT('Origin',(199.766792981089,3.26458574013831,-79.8351061482447));
#3654=CARTESIAN_POINT('',(143.67368221315,479.489542436855,-13.719271297894));
#3655=CARTESIAN_POINT('',(131.061612698622,480.473949417373,-31.2556857465003));
#3656=CARTESIAN_POINT('Origin',(106.1,698.400228638989,-1.13868853883659E-14));
#3657=CARTESIAN_POINT('',(141.34435742012,495.668462246242,-12.0722739694888));
#3658=CARTESIAN_POINT('',(212.237134641522,3.26458574013829,-62.1984800856321));
#3659=CARTESIAN_POINT('',(128.874015759687,495.668462246242,-29.7089000321014));
#3660=CARTESIAN_POINT('',(141.34435742012,495.668462246242,-12.0722739694888));
#3661=CARTESIAN_POINT('',(199.766792981089,3.26458574013831,-79.8351061482447));
#3662=CARTESIAN_POINT('Origin',(184.649603241807,0.,-69.1461841103665));
#3663=CARTESIAN_POINT('',(131.061612698622,470.,-31.2556857465002));
#3664=CARTESIAN_POINT('',(131.061612698622,490.,-31.2556857465004));
#3665=CARTESIAN_POINT('',(113.756826020405,492.403876506104,-19.0199779942232));
#3666=CARTESIAN_POINT('',(128.874015759687,495.668462246242,-29.7089000321014));
#3667=CARTESIAN_POINT('',(116.982375415574,470.,-21.3006694857567));
#3668=CARTESIAN_POINT('',(184.649603241807,0.,-69.1461841103665));
#3669=CARTESIAN_POINT('',(148.834770330513,470.,-43.8225648801625));
#3670=CARTESIAN_POINT('Origin',(197.119944902234,-4.44089209850063E-15,
-51.5095580477627));
#3671=CARTESIAN_POINT('',(129.452717076001,470.,-3.66404342315289));
#3672=CARTESIAN_POINT('',(129.757577536175,470.,-3.23288362947772));
#3673=CARTESIAN_POINT('',(126.227167680832,492.403876506104,-1.38335193161938));
#3674=CARTESIAN_POINT('',(113.756826020405,492.403876506104,-19.0199779942232));
#3675=CARTESIAN_POINT('',(197.119944902234,-4.44089209850063E-15,-51.5095580477627));
#3676=CARTESIAN_POINT('Origin',(212.237134641522,3.26458574013829,-62.1984800856321));
#3677=CARTESIAN_POINT('',(143.67368221315,470.,-13.7192712978948));
#3678=CARTESIAN_POINT('',(143.67368221315,490.,-13.7192712978931));
#3679=CARTESIAN_POINT('',(168.863706860597,470.,-31.5303998364764));
#3680=CARTESIAN_POINT('',(126.227167680832,492.403876506104,-1.38335193161938));
#3681=CARTESIAN_POINT('Origin',(127.550591720262,494.036169376174,-15.5461259818604));
#3682=CARTESIAN_POINT('Origin',(106.1,490.,-1.13868853883659E-14));
#3683=CARTESIAN_POINT('',(106.1,470.,-40.));
#3684=CARTESIAN_POINT('Origin',(106.1,470.,-1.13868853883659E-14));
#3685=CARTESIAN_POINT('',(106.1,498.,-40.));
#3686=CARTESIAN_POINT('',(106.1,490.,-40.));
#3687=CARTESIAN_POINT('',(106.1,498.,40.));
#3688=CARTESIAN_POINT('Origin',(106.1,498.,-1.13868853883659E-14));
#3689=CARTESIAN_POINT('',(106.1,470.,40.));
#3690=CARTESIAN_POINT('',(106.1,490.,40.));
#3691=CARTESIAN_POINT('',(131.061612698622,470.,31.2556857465002));
#3692=CARTESIAN_POINT('Origin',(106.1,470.,-1.13868853883659E-14));
#3693=CARTESIAN_POINT('',(131.061612698622,480.473949417373,31.2556857465003));
#3694=CARTESIAN_POINT('',(131.061612698622,490.,31.2556857465004));
#3695=CARTESIAN_POINT('',(143.67368221315,479.489542436855,13.719271297894));
#3696=CARTESIAN_POINT('Origin',(106.1,698.400228638989,-1.13868853883659E-14));
#3697=CARTESIAN_POINT('',(143.67368221315,470.,13.7192712978948));
#3698=CARTESIAN_POINT('',(143.67368221315,490.,13.7192712978931));
#3699=CARTESIAN_POINT('Origin',(106.1,470.,-1.13868853883659E-14));
#3700=CARTESIAN_POINT('Origin',(212.237134641522,3.26458574013829,62.1984800856321));
#3701=CARTESIAN_POINT('',(141.34435742012,495.668462246242,12.0722739694888));
#3702=CARTESIAN_POINT('',(212.237134641522,3.26458574013829,62.1984800856321));
#3703=CARTESIAN_POINT('',(126.227167680832,492.403876506104,1.38335193161938));
#3704=CARTESIAN_POINT('',(126.227167680832,492.403876506104,1.38335193161938));
#3705=CARTESIAN_POINT('',(129.452717076001,470.,3.66404342315289));
#3706=CARTESIAN_POINT('',(197.119944902234,-4.44089209850063E-15,51.5095580477627));
#3707=CARTESIAN_POINT('',(168.863706860597,470.,31.5303998364764));
#3708=CARTESIAN_POINT('Origin',(197.119944902234,-4.44089209850063E-15,
51.5095580477627));
#3709=CARTESIAN_POINT('',(116.982375415574,470.,21.3006694857567));
#3710=CARTESIAN_POINT('',(129.757577536175,470.,3.23288362947772));
#3711=CARTESIAN_POINT('',(113.756826020405,492.403876506104,19.0199779942232));
#3712=CARTESIAN_POINT('',(113.756826020405,492.403876506104,19.0199779942232));
#3713=CARTESIAN_POINT('',(184.649603241807,0.,69.1461841103665));
#3714=CARTESIAN_POINT('Origin',(184.649603241807,0.,69.1461841103665));
#3715=CARTESIAN_POINT('',(148.834770330513,470.,43.8225648801625));
#3716=CARTESIAN_POINT('',(128.874015759687,495.668462246242,29.7089000321014));
#3717=CARTESIAN_POINT('',(128.874015759687,495.668462246242,29.7089000321014));
#3718=CARTESIAN_POINT('',(199.766792981089,3.26458574013831,79.8351061482447));
#3719=CARTESIAN_POINT('Origin',(199.766792981089,3.26458574013831,79.8351061482447));
#3720=CARTESIAN_POINT('',(141.34435742012,495.668462246242,12.0722739694888));
#3721=CARTESIAN_POINT('Origin',(127.550591720262,494.036169376174,15.5461259818604));
#3722=CARTESIAN_POINT('Origin',(126.1,470.,-8.88178419700125E-15));
#3723=CARTESIAN_POINT('',(106.1,470.,-40.));
#3724=CARTESIAN_POINT('Origin',(-12.5,493.,-23.));
#3725=CARTESIAN_POINT('',(25.,496.,-20.));
#3726=CARTESIAN_POINT('',(-25.,496.,-20.));
#3727=CARTESIAN_POINT('',(-12.5,496.,-20.));
#3728=CARTESIAN_POINT('',(-31.,490.,-26.));
#3729=CARTESIAN_POINT('',(-25.,496.,-20.));
#3730=CARTESIAN_POINT('',(31.,490.,-26.));
#3731=CARTESIAN_POINT('',(-12.5,490.,-26.));
#3732=CARTESIAN_POINT('',(31.,490.,-26.));
#3733=CARTESIAN_POINT('Origin',(28.,493.,-10.));
#3734=CARTESIAN_POINT('',(31.,490.,26.));
#3735=CARTESIAN_POINT('',(31.,490.,-10.));
#3736=CARTESIAN_POINT('',(25.,496.,20.));
#3737=CARTESIAN_POINT('',(31.,490.,26.));
#3738=CARTESIAN_POINT('',(25.,496.,-10.));
#3739=CARTESIAN_POINT('Origin',(12.5,493.,23.));
#3740=CARTESIAN_POINT('',(-25.,496.,20.));
#3741=CARTESIAN_POINT('',(12.5,496.,20.));
#3742=CARTESIAN_POINT('',(-31.,490.,26.));
#3743=CARTESIAN_POINT('',(12.5,490.,26.));
#3744=CARTESIAN_POINT('',(-31.,490.,26.));
#3745=CARTESIAN_POINT('Origin',(-28.,493.,10.));
#3746=CARTESIAN_POINT('',(-25.,496.,10.));
#3747=CARTESIAN_POINT('',(-31.,490.,10.));
#3748=CARTESIAN_POINT('Origin',(-25.,490.,20.));
#3749=CARTESIAN_POINT('',(-25.,498.,-20.));
#3750=CARTESIAN_POINT('',(-25.,490.,-20.));
#3751=CARTESIAN_POINT('',(-25.,498.,20.));
#3752=CARTESIAN_POINT('',(-25.,498.,20.));
#3753=CARTESIAN_POINT('',(-25.,490.,20.));
#3754=CARTESIAN_POINT('Origin',(-25.,490.,-20.));
#3755=CARTESIAN_POINT('',(25.,498.,-20.));
#3756=CARTESIAN_POINT('',(25.,490.,-20.));
#3757=CARTESIAN_POINT('',(-25.,498.,-20.));
#3758=CARTESIAN_POINT('Origin',(0.,490.,-8.88178419700125E-15));
#3759=CARTESIAN_POINT('',(86.1,490.,40.));
#3760=CARTESIAN_POINT('',(86.1,490.,-40.));
#3761=CARTESIAN_POINT('',(86.1,490.,20.));
#3762=CARTESIAN_POINT('',(-86.1,490.,40.));
#3763=CARTESIAN_POINT('',(106.1,490.,40.));
#3764=CARTESIAN_POINT('',(-86.1,490.,-40.));
#3765=CARTESIAN_POINT('',(-86.1,490.,-20.));
#3766=CARTESIAN_POINT('',(106.1,490.,-40.));
#3767=CARTESIAN_POINT('Origin',(96.1,480.,20.));
#3768=CARTESIAN_POINT('',(43.05,533.05,40.));
#3769=CARTESIAN_POINT('',(96.1,480.,-40.));
#3770=CARTESIAN_POINT('Origin',(-96.1,480.,-20.));
#3771=CARTESIAN_POINT('',(-43.05,533.05,-40.));
#3772=CARTESIAN_POINT('',(-96.1,480.,40.));
#3773=CARTESIAN_POINT('',(-106.1,470.,-40.));
#3774=CARTESIAN_POINT('Origin',(-126.1,470.,0.));
#3775=CARTESIAN_POINT('Origin',(25.,490.,20.));
#3776=CARTESIAN_POINT('',(25.,498.,20.));
#3777=CARTESIAN_POINT('',(25.,498.,20.));
#3778=CARTESIAN_POINT('',(25.,490.,20.));
#3779=CARTESIAN_POINT('Origin',(25.,490.,-20.));
#3780=CARTESIAN_POINT('',(25.,498.,-20.));
#3781=CARTESIAN_POINT('Origin',(-106.1,490.,40.));
#3782=CARTESIAN_POINT('',(106.1,498.,40.));
#3783=CARTESIAN_POINT('Origin',(106.1,490.,-40.));
#3784=CARTESIAN_POINT('',(106.1,498.,-40.));
#3785=CARTESIAN_POINT('Origin',(0.,498.,-8.88178419700125E-15));
#3786=CARTESIAN_POINT('Origin',(212.237134641522,3.26458574013829,-62.1984800856321));
#3787=CARTESIAN_POINT('',(208.963852819297,26.,-59.8840383931496));
#3788=CARTESIAN_POINT('',(193.376651448017,26.,-48.8627848983162));
#3789=CARTESIAN_POINT('',(189.331069625027,26.,-46.0022724982255));
#3790=CARTESIAN_POINT('',(212.237134641522,3.26458574013829,-62.1984800856321));
#3791=CARTESIAN_POINT('',(212.237134641522,3.26458574013829,-62.1984800856321));
#3792=CARTESIAN_POINT('',(197.119944902234,-4.44089209850063E-15,-51.5095580477627));
#3793=CARTESIAN_POINT('',(197.119944902234,-4.44089209850063E-15,-51.5095580477627));
#3794=CARTESIAN_POINT('',(197.119944902234,-4.44089209850063E-15,-51.5095580477627));
#3795=CARTESIAN_POINT('Origin',(197.119944902234,-4.44089209850063E-15,
-51.5095580477627));
#3796=CARTESIAN_POINT('',(180.90630978759,26.,-66.49941096092));
#3797=CARTESIAN_POINT('',(203.914149143753,26.,-33.9597524429173));
#3798=CARTESIAN_POINT('',(184.649603241807,0.,-69.1461841103665));
#3799=CARTESIAN_POINT('',(184.649603241807,0.,-69.1461841103665));
#3800=CARTESIAN_POINT('',(184.649603241807,0.,-69.1461841103665));
#3801=CARTESIAN_POINT('Origin',(184.649603241807,0.,-69.1461841103665));
#3802=CARTESIAN_POINT('',(196.493511158864,26.,-77.5206644557622));
#3803=CARTESIAN_POINT('',(169.302133094952,26.,-58.2944375418816));
#3804=CARTESIAN_POINT('',(199.766792981089,3.26458574013831,-79.8351061482447));
#3805=CARTESIAN_POINT('',(199.766792981089,3.26458574013831,-79.8351061482447));
#3806=CARTESIAN_POINT('',(199.766792981089,3.26458574013831,-79.8351061482447));
#3807=CARTESIAN_POINT('Origin',(199.766792981089,3.26458574013831,-79.8351061482447));
#3808=CARTESIAN_POINT('',(213.266179684814,26.,-53.7993189690606));
#3809=CARTESIAN_POINT('',(212.237134641522,3.26458574013829,-62.1984800856321));
#3810=CARTESIAN_POINT('Origin',(198.443368941664,1.63229287006958,-65.6723320980037));
#3811=CARTESIAN_POINT('Origin',(212.237134641522,3.26458574013829,62.1984800856321));
#3812=CARTESIAN_POINT('',(193.376651448017,26.,48.8627848983162));
#3813=CARTESIAN_POINT('',(208.963852819297,26.,59.8840383931496));
#3814=CARTESIAN_POINT('',(189.331069625027,26.,46.0022724982255));
#3815=CARTESIAN_POINT('',(197.119944902234,-4.44089209850063E-15,51.5095580477627));
#3816=CARTESIAN_POINT('',(197.119944902234,-4.44089209850063E-15,51.5095580477627));
#3817=CARTESIAN_POINT('',(212.237134641522,3.26458574013829,62.1984800856321));
#3818=CARTESIAN_POINT('',(197.119944902234,-4.44089209850063E-15,51.5095580477627));
#3819=CARTESIAN_POINT('',(212.237134641522,3.26458574013829,62.1984800856321));
#3820=CARTESIAN_POINT('Origin',(199.766792981089,3.26458574013831,79.8351061482447));
#3821=CARTESIAN_POINT('',(196.493511158864,26.,77.5206644557622));
#3822=CARTESIAN_POINT('',(213.266179684814,26.,53.7993189690606));
#3823=CARTESIAN_POINT('',(199.766792981089,3.26458574013831,79.8351061482447));
#3824=CARTESIAN_POINT('',(212.237134641522,3.26458574013829,62.1984800856321));
#3825=CARTESIAN_POINT('',(199.766792981089,3.26458574013831,79.8351061482447));
#3826=CARTESIAN_POINT('Origin',(184.649603241807,0.,69.1461841103665));
#3827=CARTESIAN_POINT('',(180.90630978759,26.,66.49941096092));
#3828=CARTESIAN_POINT('',(169.302133094952,26.,58.2944375418816));
#3829=CARTESIAN_POINT('',(184.649603241807,0.,69.1461841103665));
#3830=CARTESIAN_POINT('',(199.766792981089,3.26458574013831,79.8351061482447));
#3831=CARTESIAN_POINT('',(184.649603241807,0.,69.1461841103665));
#3832=CARTESIAN_POINT('Origin',(197.119944902234,-4.44089209850063E-15,
51.5095580477627));
#3833=CARTESIAN_POINT('',(203.914149143753,26.,33.9597524429173));
#3834=CARTESIAN_POINT('',(184.649603241807,0.,69.1461841103665));
#3835=CARTESIAN_POINT('Origin',(198.443368941664,1.63229287006958,65.6723320980037));
#3836=CARTESIAN_POINT('Origin',(178.75,24.2,-44.3));
#3837=CARTESIAN_POINT('',(170.,22.4,-42.5));
#3838=CARTESIAN_POINT('',(205.,22.4,-42.5));
#3839=CARTESIAN_POINT('',(178.75,22.4,-42.5));
#3840=CARTESIAN_POINT('',(205.,26.,-46.1));
#3841=CARTESIAN_POINT('',(205.,22.4,-42.5));
#3842=CARTESIAN_POINT('',(166.4,26.,-46.1));
#3843=CARTESIAN_POINT('',(178.75,26.,-46.1));
#3844=CARTESIAN_POINT('',(166.4,26.,-46.1));
#3845=CARTESIAN_POINT('Origin',(205.,24.2,-62.5));
#3846=CARTESIAN_POINT('',(225.,22.4,-62.5));
#3847=CARTESIAN_POINT('Origin',(205.,22.4,-62.5));
#3848=CARTESIAN_POINT('',(221.4,26.,-62.5));
#3849=CARTESIAN_POINT('',(225.,22.4,-62.5));
#3850=CARTESIAN_POINT('Origin',(205.,26.,-62.5));
#3851=CARTESIAN_POINT('Origin',(223.2,24.2,-43.75));
#3852=CARTESIAN_POINT('',(225.,22.4,-67.5));
#3853=CARTESIAN_POINT('',(221.4,26.,-67.5));
#3854=CARTESIAN_POINT('',(225.,22.4,-67.5));
#3855=CARTESIAN_POINT('',(221.4,26.,-43.75));
#3856=CARTESIAN_POINT('',(225.,22.4,-43.75));
#3857=CARTESIAN_POINT('Origin',(205.,24.2,-67.5));
#3858=CARTESIAN_POINT('',(205.,22.4,-87.5));
#3859=CARTESIAN_POINT('Origin',(205.,22.4,-67.5));
#3860=CARTESIAN_POINT('',(205.,26.,-83.9));
#3861=CARTESIAN_POINT('',(205.,22.4,-87.5));
#3862=CARTESIAN_POINT('Origin',(205.,26.,-67.5));
#3863=CARTESIAN_POINT('Origin',(168.75,24.2,-85.7));
#3864=CARTESIAN_POINT('',(150.,22.4,-87.5));
#3865=CARTESIAN_POINT('',(150.,26.,-83.9));
#3866=CARTESIAN_POINT('',(150.,61.45,-48.4500000000001));
#3867=CARTESIAN_POINT('',(168.75,26.,-83.9));
#3868=CARTESIAN_POINT('',(168.75,22.4,-87.5));
#3869=CARTESIAN_POINT('Origin',(168.2,24.2,21.25));
#3870=CARTESIAN_POINT('',(170.,22.4,42.5));
#3871=CARTESIAN_POINT('',(170.,22.4,21.25));
#3872=CARTESIAN_POINT('',(166.4,26.,46.1));
#3873=CARTESIAN_POINT('',(166.4,26.,21.25));
#3874=CARTESIAN_POINT('',(166.4,26.,46.1));
#3875=CARTESIAN_POINT('Origin',(206.25,24.2,85.7));
#3876=CARTESIAN_POINT('',(150.,26.,83.9));
#3877=CARTESIAN_POINT('',(150.,22.4,87.5));
#3878=CARTESIAN_POINT('',(150.,17.7,92.2));
#3879=CARTESIAN_POINT('',(205.,22.4,87.5));
#3880=CARTESIAN_POINT('',(206.25,22.4,87.5));
#3881=CARTESIAN_POINT('',(205.,26.,83.9));
#3882=CARTESIAN_POINT('',(205.,22.4,87.5));
#3883=CARTESIAN_POINT('',(206.25,26.,83.9));
#3884=CARTESIAN_POINT('Origin',(205.,24.2,67.5));
#3885=CARTESIAN_POINT('',(225.,22.4,67.5));
#3886=CARTESIAN_POINT('Origin',(205.,22.4,67.5));
#3887=CARTESIAN_POINT('',(221.4,26.,67.5));
#3888=CARTESIAN_POINT('',(225.,22.4,67.5));
#3889=CARTESIAN_POINT('Origin',(205.,26.,67.5));
#3890=CARTESIAN_POINT('Origin',(223.2,24.2,-43.75));
#3891=CARTESIAN_POINT('',(225.,22.4,62.5));
#3892=CARTESIAN_POINT('',(221.4,26.,62.5));
#3893=CARTESIAN_POINT('',(225.,22.4,62.5));
#3894=CARTESIAN_POINT('',(221.4,26.,-43.75));
#3895=CARTESIAN_POINT('',(225.,22.4,-43.75));
#3896=CARTESIAN_POINT('Origin',(205.,24.2,62.5));
#3897=CARTESIAN_POINT('',(205.,22.4,42.5));
#3898=CARTESIAN_POINT('Origin',(205.,22.4,62.5));
#3899=CARTESIAN_POINT('',(205.,26.,46.1));
#3900=CARTESIAN_POINT('',(205.,22.4,42.5));
#3901=CARTESIAN_POINT('Origin',(205.,26.,62.5));
#3902=CARTESIAN_POINT('Origin',(206.25,24.2,44.3));
#3903=CARTESIAN_POINT('',(206.25,26.,46.1));
#3904=CARTESIAN_POINT('',(206.25,22.4,42.5));
#3905=CARTESIAN_POINT('Origin',(150.,0.,-87.5));
#3906=CARTESIAN_POINT('',(205.,-2.,-87.5));
#3907=CARTESIAN_POINT('',(205.,0.,-87.5));
#3908=CARTESIAN_POINT('',(150.,-2.,-87.5));
#3909=CARTESIAN_POINT('',(225.,-2.,-87.5));
#3910=CARTESIAN_POINT('',(150.,0.,-87.5));
#3911=CARTESIAN_POINT('Origin',(205.,0.,-67.5));
#3912=CARTESIAN_POINT('',(225.,-2.,-67.5));
#3913=CARTESIAN_POINT('',(225.,0.,-67.5));
#3914=CARTESIAN_POINT('Origin',(205.,-2.,-67.5));
#3915=CARTESIAN_POINT('Origin',(205.,0.,-62.5));
#3916=CARTESIAN_POINT('',(205.,0.,-42.5));
#3917=CARTESIAN_POINT('',(205.,0.,-42.5));
#3918=CARTESIAN_POINT('',(225.,0.,-62.5));
#3919=CARTESIAN_POINT('Origin',(205.,0.,-62.5));
#3920=CARTESIAN_POINT('',(225.,0.,-62.5));
#3921=CARTESIAN_POINT('Origin',(170.,0.,-42.5));
#3922=CARTESIAN_POINT('',(170.,0.,-42.5));
#3923=CARTESIAN_POINT('',(170.,0.,-42.5));
#3924=CARTESIAN_POINT('',(178.75,0.,-42.5));
#3925=CARTESIAN_POINT('Origin',(170.,0.,42.5));
#3926=CARTESIAN_POINT('',(170.,0.,42.5));
#3927=CARTESIAN_POINT('',(170.,0.,42.5));
#3928=CARTESIAN_POINT('',(170.,0.,2.5));
#3929=CARTESIAN_POINT('',(170.,0.,21.25));
#3930=CARTESIAN_POINT('',(170.,3.6,2.5));
#3931=CARTESIAN_POINT('',(170.,0.,2.5));
#3932=CARTESIAN_POINT('',(170.,3.6,-2.5));
#3933=CARTESIAN_POINT('',(170.,3.6,21.25));
#3934=CARTESIAN_POINT('',(170.,0.,-2.5));
#3935=CARTESIAN_POINT('',(170.,0.,-2.5));
#3936=CARTESIAN_POINT('',(170.,0.,21.25));
#3937=CARTESIAN_POINT('Origin',(225.,0.,42.5));
#3938=CARTESIAN_POINT('',(205.,0.,42.5));
#3939=CARTESIAN_POINT('',(205.,0.,42.5));
#3940=CARTESIAN_POINT('',(206.25,0.,42.5));
#3941=CARTESIAN_POINT('Origin',(205.,0.,62.5));
#3942=CARTESIAN_POINT('',(225.,0.,62.5));
#3943=CARTESIAN_POINT('',(225.,0.,62.5));
#3944=CARTESIAN_POINT('Origin',(205.,0.,62.5));
#3945=CARTESIAN_POINT('Origin',(225.,0.,-87.5));
#3946=CARTESIAN_POINT('',(225.,0.,-2.5));
#3947=CARTESIAN_POINT('',(225.,0.,87.5));
#3948=CARTESIAN_POINT('',(225.,0.,2.5));
#3949=CARTESIAN_POINT('',(225.,0.,-43.75));
#3950=CARTESIAN_POINT('',(225.,0.,87.5));
#3951=CARTESIAN_POINT('',(225.,-2.,67.5));
#3952=CARTESIAN_POINT('',(225.,0.,67.5));
#3953=CARTESIAN_POINT('',(225.,-2.,87.5));
#3954=CARTESIAN_POINT('Origin',(205.,0.,67.5));
#3955=CARTESIAN_POINT('',(205.,-2.,87.5));
#3956=CARTESIAN_POINT('',(205.,0.,87.5));
#3957=CARTESIAN_POINT('Origin',(205.,-2.,67.5));
#3958=CARTESIAN_POINT('Origin',(150.,0.,87.5));
#3959=CARTESIAN_POINT('',(150.,-2.,87.5));
#3960=CARTESIAN_POINT('',(150.,-2.,-87.5));
#3961=CARTESIAN_POINT('',(150.,0.,87.5));
#3962=CARTESIAN_POINT('',(150.,26.,-87.5));
#3963=CARTESIAN_POINT('Origin',(225.,0.,87.5));
#3964=CARTESIAN_POINT('',(150.,-2.,87.5));
#3965=CARTESIAN_POINT('Origin',(223.2,1.8,-43.75));
#3966=CARTESIAN_POINT('',(221.4,3.6,-2.5));
#3967=CARTESIAN_POINT('',(224.1,0.899999999999999,-2.5));
#3968=CARTESIAN_POINT('',(221.4,3.6,2.5));
#3969=CARTESIAN_POINT('',(221.4,3.6,-43.75));
#3970=CARTESIAN_POINT('',(210.35,14.65,2.5));
#3971=CARTESIAN_POINT('Origin',(170.,0.,2.5));
#3972=CARTESIAN_POINT('',(170.,3.6,2.5));
#3973=CARTESIAN_POINT('',(178.75,0.,2.5));
#3974=CARTESIAN_POINT('Origin',(225.,0.,-2.5));
#3975=CARTESIAN_POINT('',(206.25,0.,-2.5));
#3976=CARTESIAN_POINT('',(170.,3.6,-2.5));
#3977=CARTESIAN_POINT('Origin',(197.5,3.6,-1.11022302462516E-15));
#3978=CARTESIAN_POINT('Origin',(187.5,0.,0.));
#3979=CARTESIAN_POINT('',(195.5,0.,25.));
#3980=CARTESIAN_POINT('Origin',(197.5,0.,25.));
#3981=CARTESIAN_POINT('Origin',(187.5,-2.,0.));
#3982=CARTESIAN_POINT('',(195.5,-2.,-25.));
#3983=CARTESIAN_POINT('Origin',(197.5,-2.,-25.));
#3984=CARTESIAN_POINT('',(195.5,-2.,25.));
#3985=CARTESIAN_POINT('Origin',(197.5,-2.,25.));
#3986=CARTESIAN_POINT('Origin',(187.5,26.,0.));
#3987=CARTESIAN_POINT('Origin',(187.5,0.,0.));
#3988=CARTESIAN_POINT('',(195.5,0.,-25.));
#3989=CARTESIAN_POINT('Origin',(197.5,0.,-25.));
#3990=CARTESIAN_POINT('Origin',(197.5,0.,25.));
#3991=CARTESIAN_POINT('',(195.5,0.,25.));
#3992=CARTESIAN_POINT('Origin',(197.5,0.,-25.));
#3993=CARTESIAN_POINT('',(195.5,0.,-25.));
#3994=CARTESIAN_POINT('Origin',(-212.237134641522,3.26458574013829,-62.1984800856321));
#3995=CARTESIAN_POINT('',(-208.963852819297,26.,-59.8840383931496));
#3996=CARTESIAN_POINT('',(-193.376651448017,26.,-48.8627848983162));
#3997=CARTESIAN_POINT('',(-189.331069625027,26.,-46.0022724982255));
#3998=CARTESIAN_POINT('',(-197.119944902234,-4.44089209850063E-15,-51.5095580477627));
#3999=CARTESIAN_POINT('',(-197.119944902234,-4.44089209850063E-15,-51.5095580477627));
#4000=CARTESIAN_POINT('',(-212.237134641522,3.26458574013829,-62.1984800856321));
#4001=CARTESIAN_POINT('',(-197.119944902234,-4.44089209850063E-15,-51.5095580477627));
#4002=CARTESIAN_POINT('',(-212.237134641522,3.26458574013829,-62.1984800856321));
#4003=CARTESIAN_POINT('Origin',(-197.119944902234,-4.44089209850063E-15,
-51.5095580477627));
#4004=CARTESIAN_POINT('',(-180.90630978759,26.,-66.49941096092));
#4005=CARTESIAN_POINT('',(-203.914149143753,26.,-33.9597524429173));
#4006=CARTESIAN_POINT('',(-184.649603241807,0.,-69.1461841103665));
#4007=CARTESIAN_POINT('',(-184.649603241807,0.,-69.1461841103665));
#4008=CARTESIAN_POINT('',(-184.649603241807,0.,-69.1461841103665));
#4009=CARTESIAN_POINT('Origin',(-184.649603241807,0.,-69.1461841103665));
#4010=CARTESIAN_POINT('',(-196.493511158864,26.,-77.5206644557622));
#4011=CARTESIAN_POINT('',(-169.302133094952,26.,-58.2944375418816));
#4012=CARTESIAN_POINT('',(-199.766792981089,3.26458574013831,-79.8351061482447));
#4013=CARTESIAN_POINT('',(-199.766792981089,3.26458574013831,-79.8351061482447));
#4014=CARTESIAN_POINT('',(-199.766792981089,3.26458574013831,-79.8351061482447));
#4015=CARTESIAN_POINT('Origin',(-199.766792981089,3.26458574013831,-79.8351061482447));
#4016=CARTESIAN_POINT('',(-213.266179684814,26.,-53.7993189690606));
#4017=CARTESIAN_POINT('',(-212.237134641522,3.26458574013829,-62.1984800856321));
#4018=CARTESIAN_POINT('Origin',(-198.443368941664,1.63229287006958,-65.6723320980037));
#4019=CARTESIAN_POINT('Origin',(-212.237134641522,3.26458574013829,62.1984800856321));
#4020=CARTESIAN_POINT('',(-193.376651448017,26.,48.8627848983162));
#4021=CARTESIAN_POINT('',(-208.963852819297,26.,59.8840383931496));
#4022=CARTESIAN_POINT('',(-189.331069625027,26.,46.0022724982255));
#4023=CARTESIAN_POINT('',(-212.237134641522,3.26458574013829,62.1984800856321));
#4024=CARTESIAN_POINT('',(-212.237134641522,3.26458574013829,62.1984800856321));
#4025=CARTESIAN_POINT('',(-197.119944902234,-4.44089209850063E-15,51.5095580477627));
#4026=CARTESIAN_POINT('',(-197.119944902234,-4.44089209850063E-15,51.5095580477627));
#4027=CARTESIAN_POINT('',(-197.119944902234,-4.44089209850063E-15,51.5095580477627));
#4028=CARTESIAN_POINT('Origin',(-199.766792981089,3.26458574013831,79.8351061482447));
#4029=CARTESIAN_POINT('',(-196.493511158864,26.,77.5206644557622));
#4030=CARTESIAN_POINT('',(-213.266179684814,26.,53.7993189690606));
#4031=CARTESIAN_POINT('',(-199.766792981089,3.26458574013831,79.8351061482447));
#4032=CARTESIAN_POINT('',(-199.766792981089,3.26458574013831,79.8351061482447));
#4033=CARTESIAN_POINT('',(-212.237134641522,3.26458574013829,62.1984800856321));
#4034=CARTESIAN_POINT('Origin',(-184.649603241807,0.,69.1461841103665));
#4035=CARTESIAN_POINT('',(-180.90630978759,26.,66.49941096092));
#4036=CARTESIAN_POINT('',(-169.302133094952,26.,58.2944375418816));
#4037=CARTESIAN_POINT('',(-184.649603241807,0.,69.1461841103665));
#4038=CARTESIAN_POINT('',(-184.649603241807,0.,69.1461841103665));
#4039=CARTESIAN_POINT('',(-199.766792981089,3.26458574013831,79.8351061482447));
#4040=CARTESIAN_POINT('Origin',(-197.119944902234,-4.44089209850063E-15,
51.5095580477627));
#4041=CARTESIAN_POINT('',(-203.914149143753,26.,33.9597524429173));
#4042=CARTESIAN_POINT('',(-184.649603241807,0.,69.1461841103665));
#4043=CARTESIAN_POINT('Origin',(-198.443368941664,1.63229287006958,65.6723320980037));
#4044=CARTESIAN_POINT('Origin',(-178.75,24.2,-44.3));
#4045=CARTESIAN_POINT('',(-170.,22.4,-42.5));
#4046=CARTESIAN_POINT('',(-205.,22.4,-42.5));
#4047=CARTESIAN_POINT('',(-178.75,22.4,-42.5));
#4048=CARTESIAN_POINT('',(-166.4,26.,-46.1));
#4049=CARTESIAN_POINT('',(-166.4,26.,-46.1));
#4050=CARTESIAN_POINT('',(-205.,26.,-46.1));
#4051=CARTESIAN_POINT('',(-178.75,26.,-46.1));
#4052=CARTESIAN_POINT('',(-205.,22.4,-42.5));
#4053=CARTESIAN_POINT('Origin',(-205.,24.2,-62.5));
#4054=CARTESIAN_POINT('',(-221.4,26.,-62.5));
#4055=CARTESIAN_POINT('Origin',(-205.,26.,-62.5));
#4056=CARTESIAN_POINT('',(-225.,22.4,-62.5));
#4057=CARTESIAN_POINT('',(-225.,22.4,-62.5));
#4058=CARTESIAN_POINT('Origin',(-205.,22.4,-62.5));
#4059=CARTESIAN_POINT('Origin',(-223.2,24.2,-43.75));
#4060=CARTESIAN_POINT('',(-225.,22.4,-67.5));
#4061=CARTESIAN_POINT('',(-221.4,26.,-67.5));
#4062=CARTESIAN_POINT('',(-225.,22.4,-67.5));
#4063=CARTESIAN_POINT('',(-225.,22.4,-43.75));
#4064=CARTESIAN_POINT('',(-221.4,26.,-43.75));
#4065=CARTESIAN_POINT('Origin',(-205.,24.2,-67.5));
#4066=CARTESIAN_POINT('',(-205.,26.,-83.9));
#4067=CARTESIAN_POINT('Origin',(-205.,26.,-67.5));
#4068=CARTESIAN_POINT('',(-205.,22.4,-87.5));
#4069=CARTESIAN_POINT('',(-205.,22.4,-87.5));
#4070=CARTESIAN_POINT('Origin',(-205.,22.4,-67.5));
#4071=CARTESIAN_POINT('Origin',(-168.75,24.2,-85.7));
#4072=CARTESIAN_POINT('',(-150.,22.4,-87.5));
#4073=CARTESIAN_POINT('',(-150.,26.,-83.9));
#4074=CARTESIAN_POINT('',(-150.,61.45,-48.4500000000001));
#4075=CARTESIAN_POINT('',(-168.75,22.4,-87.5));
#4076=CARTESIAN_POINT('',(-168.75,26.,-83.9));
#4077=CARTESIAN_POINT('Origin',(-168.2,24.2,21.25));
#4078=CARTESIAN_POINT('',(-170.,22.4,42.5));
#4079=CARTESIAN_POINT('',(-170.,22.4,21.25));
#4080=CARTESIAN_POINT('',(-166.4,26.,46.1));
#4081=CARTESIAN_POINT('',(-166.4,26.,46.1));
#4082=CARTESIAN_POINT('',(-166.4,26.,21.25));
#4083=CARTESIAN_POINT('Origin',(-206.25,24.2,85.7));
#4084=CARTESIAN_POINT('',(-150.,26.,83.9));
#4085=CARTESIAN_POINT('',(-150.,22.4,87.5));
#4086=CARTESIAN_POINT('',(-150.,17.7,92.2));
#4087=CARTESIAN_POINT('',(-205.,26.,83.9));
#4088=CARTESIAN_POINT('',(-206.25,26.,83.9));
#4089=CARTESIAN_POINT('',(-205.,22.4,87.5));
#4090=CARTESIAN_POINT('',(-205.,22.4,87.5));
#4091=CARTESIAN_POINT('',(-206.25,22.4,87.5));
#4092=CARTESIAN_POINT('Origin',(-205.,24.2,67.5));
#4093=CARTESIAN_POINT('',(-221.4,26.,67.5));
#4094=CARTESIAN_POINT('Origin',(-205.,26.,67.5));
#4095=CARTESIAN_POINT('',(-225.,22.4,67.5));
#4096=CARTESIAN_POINT('',(-225.,22.4,67.5));
#4097=CARTESIAN_POINT('Origin',(-205.,22.4,67.5));
#4098=CARTESIAN_POINT('Origin',(-223.2,24.2,-43.75));
#4099=CARTESIAN_POINT('',(-225.,22.4,62.5));
#4100=CARTESIAN_POINT('',(-221.4,26.,62.5));
#4101=CARTESIAN_POINT('',(-225.,22.4,62.5));
#4102=CARTESIAN_POINT('',(-225.,22.4,-43.75));
#4103=CARTESIAN_POINT('',(-221.4,26.,-43.75));
#4104=CARTESIAN_POINT('Origin',(-205.,24.2,62.5));
#4105=CARTESIAN_POINT('',(-205.,26.,46.1));
#4106=CARTESIAN_POINT('Origin',(-205.,26.,62.5));
#4107=CARTESIAN_POINT('',(-205.,22.4,42.5));
#4108=CARTESIAN_POINT('',(-205.,22.4,42.5));
#4109=CARTESIAN_POINT('Origin',(-205.,22.4,62.5));
#4110=CARTESIAN_POINT('Origin',(-206.25,24.2,44.3));
#4111=CARTESIAN_POINT('',(-206.25,26.,46.1));
#4112=CARTESIAN_POINT('',(-206.25,22.4,42.5));
#4113=CARTESIAN_POINT('Origin',(-150.,0.,-87.5));
#4114=CARTESIAN_POINT('',(-150.,-2.,-87.5));
#4115=CARTESIAN_POINT('',(-150.,0.,-87.5));
#4116=CARTESIAN_POINT('',(-205.,-2.,-87.5));
#4117=CARTESIAN_POINT('',(-225.,-2.,-87.5));
#4118=CARTESIAN_POINT('',(-205.,0.,-87.5));
#4119=CARTESIAN_POINT('Origin',(-205.,0.,-67.5));
#4120=CARTESIAN_POINT('',(-225.,-2.,-67.5));
#4121=CARTESIAN_POINT('Origin',(-205.,-2.,-67.5));
#4122=CARTESIAN_POINT('',(-225.,0.,-67.5));
#4123=CARTESIAN_POINT('Origin',(-205.,0.,-62.5));
#4124=CARTESIAN_POINT('',(-225.,0.,-62.5));
#4125=CARTESIAN_POINT('',(-225.,0.,-62.5));
#4126=CARTESIAN_POINT('',(-205.,0.,-42.5));
#4127=CARTESIAN_POINT('Origin',(-205.,0.,-62.5));
#4128=CARTESIAN_POINT('',(-205.,0.,-42.5));
#4129=CARTESIAN_POINT('Origin',(-170.,0.,-42.5));
#4130=CARTESIAN_POINT('',(-170.,0.,-42.5));
#4131=CARTESIAN_POINT('',(-178.75,0.,-42.5));
#4132=CARTESIAN_POINT('',(-170.,0.,-42.5));
#4133=CARTESIAN_POINT('Origin',(-170.,0.,42.5));
#4134=CARTESIAN_POINT('',(-170.,0.,-2.5));
#4135=CARTESIAN_POINT('',(-170.,0.,21.25));
#4136=CARTESIAN_POINT('',(-170.,3.6,-2.5));
#4137=CARTESIAN_POINT('',(-170.,0.,-2.5));
#4138=CARTESIAN_POINT('',(-170.,3.6,2.5));
#4139=CARTESIAN_POINT('',(-170.,3.6,21.25));
#4140=CARTESIAN_POINT('',(-170.,0.,2.5));
#4141=CARTESIAN_POINT('',(-170.,0.,2.5));
#4142=CARTESIAN_POINT('',(-170.,0.,42.5));
#4143=CARTESIAN_POINT('',(-170.,0.,21.25));
#4144=CARTESIAN_POINT('',(-170.,0.,42.5));
#4145=CARTESIAN_POINT('Origin',(-225.,0.,42.5));
#4146=CARTESIAN_POINT('',(-205.,0.,42.5));
#4147=CARTESIAN_POINT('',(-206.25,0.,42.5));
#4148=CARTESIAN_POINT('',(-205.,0.,42.5));
#4149=CARTESIAN_POINT('Origin',(-205.,0.,62.5));
#4150=CARTESIAN_POINT('',(-225.,0.,62.5));
#4151=CARTESIAN_POINT('Origin',(-205.,0.,62.5));
#4152=CARTESIAN_POINT('',(-225.,0.,62.5));
#4153=CARTESIAN_POINT('Origin',(-225.,0.,-87.5));
#4154=CARTESIAN_POINT('',(-225.,-2.,67.5));
#4155=CARTESIAN_POINT('',(-225.,-2.,87.5));
#4156=CARTESIAN_POINT('',(-225.,0.,67.5));
#4157=CARTESIAN_POINT('',(-225.,0.,2.5));
#4158=CARTESIAN_POINT('',(-225.,0.,87.5));
#4159=CARTESIAN_POINT('',(-225.,0.,-2.5));
#4160=CARTESIAN_POINT('',(-225.,0.,-43.75));
#4161=CARTESIAN_POINT('',(-225.,0.,87.5));
#4162=CARTESIAN_POINT('Origin',(-205.,0.,67.5));
#4163=CARTESIAN_POINT('',(-205.,-2.,87.5));
#4164=CARTESIAN_POINT('Origin',(-205.,-2.,67.5));
#4165=CARTESIAN_POINT('',(-205.,0.,87.5));
#4166=CARTESIAN_POINT('Origin',(-150.,0.,87.5));
#4167=CARTESIAN_POINT('',(-150.,26.,-87.5));
#4168=CARTESIAN_POINT('',(-150.,-2.,87.5));
#4169=CARTESIAN_POINT('',(-150.,0.,87.5));
#4170=CARTESIAN_POINT('',(-150.,-2.,-87.5));
#4171=CARTESIAN_POINT('Origin',(-225.,0.,87.5));
#4172=CARTESIAN_POINT('',(-150.,-2.,87.5));
#4173=CARTESIAN_POINT('Origin',(-223.2,1.8,-43.75));
#4174=CARTESIAN_POINT('',(-221.4,3.6,-2.5));
#4175=CARTESIAN_POINT('',(-224.1,0.899999999999999,-2.5));
#4176=CARTESIAN_POINT('',(-221.4,3.6,2.5));
#4177=CARTESIAN_POINT('',(-210.35,14.65,2.5));
#4178=CARTESIAN_POINT('',(-221.4,3.6,-43.75));
#4179=CARTESIAN_POINT('Origin',(-170.,0.,2.5));
#4180=CARTESIAN_POINT('',(-178.75,0.,2.5));
#4181=CARTESIAN_POINT('',(-170.,3.6,2.5));
#4182=CARTESIAN_POINT('Origin',(-225.,0.,-2.5));
#4183=CARTESIAN_POINT('',(-170.,3.6,-2.5));
#4184=CARTESIAN_POINT('',(-206.25,0.,-2.5));
#4185=CARTESIAN_POINT('Origin',(-197.5,3.6,-1.11022302462516E-15));
#4186=CARTESIAN_POINT('Origin',(-187.5,0.,0.));
#4187=CARTESIAN_POINT('',(-195.5,0.,25.));
#4188=CARTESIAN_POINT('Origin',(-197.5,0.,25.));
#4189=CARTESIAN_POINT('Origin',(-187.5,-2.,0.));
#4190=CARTESIAN_POINT('',(-195.5,-2.,-25.));
#4191=CARTESIAN_POINT('Origin',(-197.5,-2.,-25.));
#4192=CARTESIAN_POINT('',(-195.5,-2.,25.));
#4193=CARTESIAN_POINT('Origin',(-197.5,-2.,25.));
#4194=CARTESIAN_POINT('Origin',(-187.5,26.,0.));
#4195=CARTESIAN_POINT('Origin',(-187.5,0.,0.));
#4196=CARTESIAN_POINT('',(-195.5,0.,-25.));
#4197=CARTESIAN_POINT('Origin',(-197.5,0.,-25.));
#4198=CARTESIAN_POINT('Origin',(-197.5,0.,25.));
#4199=CARTESIAN_POINT('',(-195.5,0.,25.));
#4200=CARTESIAN_POINT('Origin',(-197.5,0.,-25.));
#4201=CARTESIAN_POINT('',(-195.5,0.,-25.));
#4202=UNCERTAINTY_MEASURE_WITH_UNIT(LENGTH_MEASURE(0.01),#4206,
'DISTANCE_ACCURACY_VALUE',
'Maximum model space distance between geometric entities at asserted c
onnectivities');
#4203=UNCERTAINTY_MEASURE_WITH_UNIT(LENGTH_MEASURE(0.01),#4206,
'DISTANCE_ACCURACY_VALUE',
'Maximum model space distance between geometric entities at asserted c
onnectivities');
#4204=(
GEOMETRIC_REPRESENTATION_CONTEXT(3)
GLOBAL_UNCERTAINTY_ASSIGNED_CONTEXT((#4202))
GLOBAL_UNIT_ASSIGNED_CONTEXT((#4206,#4208,#4209))
REPRESENTATION_CONTEXT('','3D')
);
#4205=(
GEOMETRIC_REPRESENTATION_CONTEXT(3)
GLOBAL_UNCERTAINTY_ASSIGNED_CONTEXT((#4203))
GLOBAL_UNIT_ASSIGNED_CONTEXT((#4206,#4208,#4209))
REPRESENTATION_CONTEXT('','3D')
);
#4206=(
LENGTH_UNIT()
NAMED_UNIT(*)
SI_UNIT(.MILLI.,.METRE.)
);
#4207=(
LENGTH_UNIT()
NAMED_UNIT(*)
SI_UNIT($,.METRE.)
);
#4208=(
NAMED_UNIT(*)
PLANE_ANGLE_UNIT()
SI_UNIT($,.RADIAN.)
);
#4209=(
NAMED_UNIT(*)
SI_UNIT($,.STERADIAN.)
SOLID_ANGLE_UNIT()
);
#4210=SHAPE_DEFINITION_REPRESENTATION(#4211,#4212);
#4211=PRODUCT_DEFINITION_SHAPE('',$,#4214);
#4212=SHAPE_REPRESENTATION('',(#2598),#4204);
#4213=PRODUCT_DEFINITION_CONTEXT('part definition',#4218,'design');
#4214=PRODUCT_DEFINITION('RoboOmnium-merac','RoboOmnium-merac v1',#4215,
#4213);
#4215=PRODUCT_DEFINITION_FORMATION('',$,#4220);
#4216=PRODUCT_RELATED_PRODUCT_CATEGORY('RoboOmnium-merac v1',
'RoboOmnium-merac v1',(#4220));
#4217=APPLICATION_PROTOCOL_DEFINITION('international standard',
'automotive_design',2009,#4218);
#4218=APPLICATION_CONTEXT(
'Core Data for Automotive Mechanical Design Process');
#4219=PRODUCT_CONTEXT('part definition',#4218,'mechanical');
#4220=PRODUCT('RoboOmnium-merac','RoboOmnium-merac v1',$,(#4219));
#4221=PRESENTATION_STYLE_ASSIGNMENT((#4222));
#4222=SURFACE_STYLE_USAGE(.BOTH.,#4223);
#4223=SURFACE_SIDE_STYLE('',(#4224));
#4224=SURFACE_STYLE_FILL_AREA(#4225);
#4225=FILL_AREA_STYLE('Steel - Satin',(#4226));
#4226=FILL_AREA_STYLE_COLOUR('Steel - Satin',#4227);
#4227=COLOUR_RGB('Steel - Satin',0.627450980392157,0.627450980392157,0.627450980392157);
ENDSEC;
END-ISO-10303-21;
